building_index;coefficient;units;climatic_zone;period;geometry;value
1;h_se;W/m2K;A;<1975;SINGLE-FAMILY;24.14
1;h_re;W/m2K;A;<1975;SINGLE-FAMILY;4.14
1;C_m,int;J/m2K;A;<1975;SINGLE-FAMILY;10000
1;C_vol,air;J/m3K;A;<1975;SINGLE-FAMILY;1211.224
1;q_ve;m3/s;A;<1975;SINGLE-FAMILY;8.33E-005
1;f_hc;-;A;<1975;SINGLE-FAMILY;0.4
1;f_int;-;A;<1975;SINGLE-FAMILY;0.4
1;f_sol;-;A;<1975;SINGLE-FAMILY;0.1
1;F_sh;-;A;<1975;SINGLE-FAMILY;1
1;F_w;-;A;<1975;SINGLE-FAMILY;0.9
1;F_fr;-;A;<1975;SINGLE-FAMILY;0.25
1;A_tot;m2;A;<1975;SINGLE-FAMILY;390.15
1;ΣA_eli*h_ci,eli;W/K;A;<1975;SINGLE-FAMILY;1062.45
1;V_tot;m3;A;<1975;SINGLE-FAMILY;486
1;A_floor;m2;A;<1975;SINGLE-FAMILY;162
1;H_ve;W/K;A;<1975;SINGLE-FAMILY;49.054572
1;H_tb;W/K;A;<1975;SINGLE-FAMILY;170.9285714
1;gn;-;A;<1975;SINGLE-FAMILY;0.85
2;h_se;W/m2K;A;<1975;DOUBLE-FAMILY;24.14
2;h_re;W/m2K;A;<1975;DOUBLE-FAMILY;4.14
2;C_m,int;J/m2K;A;<1975;DOUBLE-FAMILY;10000
2;C_vol,air;J/m3K;A;<1975;DOUBLE-FAMILY;1211.224
2;q_ve;m3/s;A;<1975;DOUBLE-FAMILY;8.33E-005
2;f_hc;-;A;<1975;DOUBLE-FAMILY;0.4
2;f_int;-;A;<1975;DOUBLE-FAMILY;0.4
2;f_sol;-;A;<1975;DOUBLE-FAMILY;0.1
2;F_sh;-;A;<1975;DOUBLE-FAMILY;1
2;F_w;-;A;<1975;DOUBLE-FAMILY;0.9
2;F_fr;-;A;<1975;DOUBLE-FAMILY;0.25
2;A_tot;m2;A;<1975;DOUBLE-FAMILY;524.15
2;ΣA_eli*h_ci,eli;W/K;A;<1975;DOUBLE-FAMILY;1440.45
2;V_tot;m3;A;<1975;DOUBLE-FAMILY;726
2;A_floor;m2;A;<1975;DOUBLE-FAMILY;242
2;H_ve;W/K;A;<1975;DOUBLE-FAMILY;73.279052
2;H_tb;W/K;A;<1975;DOUBLE-FAMILY;207.9571429
2;gn;-;A;<1975;DOUBLE-FAMILY;0.85
3;h_se;W/m2K;A;<1975;MULTI-FAMILY;24.14
3;h_re;W/m2K;A;<1975;MULTI-FAMILY;4.14
3;C_m,int;J/m2K;A;<1975;MULTI-FAMILY;10000
3;C_vol,air;J/m3K;A;<1975;MULTI-FAMILY;1211.224
3;q_ve;m3/s;A;<1975;MULTI-FAMILY;8.33E-005
3;f_hc;-;A;<1975;MULTI-FAMILY;0.4
3;f_int;-;A;<1975;MULTI-FAMILY;0.4
3;f_sol;-;A;<1975;MULTI-FAMILY;0.1
3;F_sh;-;A;<1975;MULTI-FAMILY;1
3;F_w;-;A;<1975;MULTI-FAMILY;0.9
3;F_fr;-;A;<1975;MULTI-FAMILY;0.25
3;A_tot;m2;A;<1975;MULTI-FAMILY;968
3;ΣA_eli*h_ci,eli;W/K;A;<1975;MULTI-FAMILY;2712
3;V_tot;m3;A;<1975;MULTI-FAMILY;1920
3;A_floor;m2;A;<1975;MULTI-FAMILY;640
3;H_ve;W/K;A;<1975;MULTI-FAMILY;193.79584
3;H_tb;W/K;A;<1975;MULTI-FAMILY;428.2714286
3;gn;-;A;<1975;MULTI-FAMILY;0.85
4;h_se;W/m2K;A;<1975;APARTMENT-BLOCK;24.14
4;h_re;W/m2K;A;<1975;APARTMENT-BLOCK;4.14
4;C_m,int;J/m2K;A;<1975;APARTMENT-BLOCK;10000
4;C_vol,air;J/m3K;A;<1975;APARTMENT-BLOCK;1211.224
4;q_ve;m3/s;A;<1975;APARTMENT-BLOCK;8.33E-005
4;f_hc;-;A;<1975;APARTMENT-BLOCK;0.4
4;f_int;-;A;<1975;APARTMENT-BLOCK;0.4
4;f_sol;-;A;<1975;APARTMENT-BLOCK;0.1
4;F_sh;-;A;<1975;APARTMENT-BLOCK;1
4;F_w;-;A;<1975;APARTMENT-BLOCK;0.9
4;F_fr;-;A;<1975;APARTMENT-BLOCK;0.25
4;A_tot;m2;A;<1975;APARTMENT-BLOCK;1740
4;ΣA_eli*h_ci,eli;W/K;A;<1975;APARTMENT-BLOCK;4968
4;V_tot;m3;A;<1975;APARTMENT-BLOCK;4320
4;A_floor;m2;A;<1975;APARTMENT-BLOCK;1440
4;H_ve;W/K;A;<1975;APARTMENT-BLOCK;436.04064
4;H_tb;W/K;A;<1975;APARTMENT-BLOCK;795.3285714
4;gn;-;A;<1975;APARTMENT-BLOCK;0.85
5;h_se;W/m2K;A;1976-1990;SINGLE-FAMILY;24.14
5;h_re;W/m2K;A;1976-1990;SINGLE-FAMILY;4.14
5;C_m,int;J/m2K;A;1976-1990;SINGLE-FAMILY;10000
5;C_vol,air;J/m3K;A;1976-1990;SINGLE-FAMILY;1211.224
5;q_ve;m3/s;A;1976-1990;SINGLE-FAMILY;8.33E-005
5;f_hc;-;A;1976-1990;SINGLE-FAMILY;0.4
5;f_int;-;A;1976-1990;SINGLE-FAMILY;0.4
5;f_sol;-;A;1976-1990;SINGLE-FAMILY;0.1
5;F_sh;-;A;1976-1990;SINGLE-FAMILY;1
5;F_w;-;A;1976-1990;SINGLE-FAMILY;0.9
5;F_fr;-;A;1976-1990;SINGLE-FAMILY;0.25
5;A_tot;m2;A;1976-1990;SINGLE-FAMILY;390.15
5;ΣA_eli*h_ci,eli;W/K;A;1976-1990;SINGLE-FAMILY;1062.45
5;V_tot;m3;A;1976-1990;SINGLE-FAMILY;486
5;A_floor;m2;A;1976-1990;SINGLE-FAMILY;162
5;H_ve;W/K;A;1976-1990;SINGLE-FAMILY;49.054572
5;H_tb;W/K;A;1976-1990;SINGLE-FAMILY;89.61285714
5;gn;-;A;1976-1990;SINGLE-FAMILY;0.75
6;h_se;W/m2K;A;1976-1990;DOUBLE-FAMILY;24.14
6;h_re;W/m2K;A;1976-1990;DOUBLE-FAMILY;4.14
6;C_m,int;J/m2K;A;1976-1990;DOUBLE-FAMILY;10000
6;C_vol,air;J/m3K;A;1976-1990;DOUBLE-FAMILY;1211.224
6;q_ve;m3/s;A;1976-1990;DOUBLE-FAMILY;8.33E-005
6;f_hc;-;A;1976-1990;DOUBLE-FAMILY;0.4
6;f_int;-;A;1976-1990;DOUBLE-FAMILY;0.4
6;f_sol;-;A;1976-1990;DOUBLE-FAMILY;0.1
6;F_sh;-;A;1976-1990;DOUBLE-FAMILY;1
6;F_w;-;A;1976-1990;DOUBLE-FAMILY;0.9
6;F_fr;-;A;1976-1990;DOUBLE-FAMILY;0.25
6;A_tot;m2;A;1976-1990;DOUBLE-FAMILY;524.15
6;ΣA_eli*h_ci,eli;W/K;A;1976-1990;DOUBLE-FAMILY;1440.45
6;V_tot;m3;A;1976-1990;DOUBLE-FAMILY;726
6;A_floor;m2;A;1976-1990;DOUBLE-FAMILY;242
6;H_ve;W/K;A;1976-1990;DOUBLE-FAMILY;73.279052
6;H_tb;W/K;A;1976-1990;DOUBLE-FAMILY;102.1157143
6;gn;-;A;1976-1990;DOUBLE-FAMILY;0.75
7;h_se;W/m2K;A;1976-1990;MULTI-FAMILY;24.14
7;h_re;W/m2K;A;1976-1990;MULTI-FAMILY;4.14
7;C_m,int;J/m2K;A;1976-1990;MULTI-FAMILY;10000
7;C_vol,air;J/m3K;A;1976-1990;MULTI-FAMILY;1211.224
7;q_ve;m3/s;A;1976-1990;MULTI-FAMILY;8.33E-005
7;f_hc;-;A;1976-1990;MULTI-FAMILY;0.4
7;f_int;-;A;1976-1990;MULTI-FAMILY;0.4
7;f_sol;-;A;1976-1990;MULTI-FAMILY;0.1
7;F_sh;-;A;1976-1990;MULTI-FAMILY;1
7;F_w;-;A;1976-1990;MULTI-FAMILY;0.9
7;F_fr;-;A;1976-1990;MULTI-FAMILY;0.25
7;A_tot;m2;A;1976-1990;MULTI-FAMILY;968
7;ΣA_eli*h_ci,eli;W/K;A;1976-1990;MULTI-FAMILY;2712
7;V_tot;m3;A;1976-1990;MULTI-FAMILY;1920
7;A_floor;m2;A;1976-1990;MULTI-FAMILY;640
7;H_ve;W/K;A;1976-1990;MULTI-FAMILY;193.79584
7;H_tb;W/K;A;1976-1990;MULTI-FAMILY;259.3871429
7;gn;-;A;1976-1990;MULTI-FAMILY;0.75
8;h_se;W/m2K;A;1976-1990;APARTMENT-BLOCK;24.14
8;h_re;W/m2K;A;1976-1990;APARTMENT-BLOCK;4.14
8;C_m,int;J/m2K;A;1976-1990;APARTMENT-BLOCK;10000
8;C_vol,air;J/m3K;A;1976-1990;APARTMENT-BLOCK;1211.224
8;q_ve;m3/s;A;1976-1990;APARTMENT-BLOCK;8.33E-005
8;f_hc;-;A;1976-1990;APARTMENT-BLOCK;0.4
8;f_int;-;A;1976-1990;APARTMENT-BLOCK;0.4
8;f_sol;-;A;1976-1990;APARTMENT-BLOCK;0.1
8;F_sh;-;A;1976-1990;APARTMENT-BLOCK;1
8;F_w;-;A;1976-1990;APARTMENT-BLOCK;0.9
8;F_fr;-;A;1976-1990;APARTMENT-BLOCK;0.25
8;A_tot;m2;A;1976-1990;APARTMENT-BLOCK;1740
8;ΣA_eli*h_ci,eli;W/K;A;1976-1990;APARTMENT-BLOCK;4968
8;V_tot;m3;A;1976-1990;APARTMENT-BLOCK;4320
8;A_floor;m2;A;1976-1990;APARTMENT-BLOCK;1440
8;H_ve;W/K;A;1976-1990;APARTMENT-BLOCK;436.04064
8;H_tb;W/K;A;1976-1990;APARTMENT-BLOCK;443.9728571
8;gn;-;A;1976-1990;APARTMENT-BLOCK;0.75
9;h_se;W/m2K;A;1991-2005;SINGLE-FAMILY;24.14
9;h_re;W/m2K;A;1991-2005;SINGLE-FAMILY;4.14
9;C_m,int;J/m2K;A;1991-2005;SINGLE-FAMILY;10000
9;C_vol,air;J/m3K;A;1991-2005;SINGLE-FAMILY;1293.778571
9;q_ve;m3/s;A;1991-2005;SINGLE-FAMILY;8.33E-005
9;f_hc;-;A;1991-2005;SINGLE-FAMILY;0.4
9;f_int;-;A;1991-2005;SINGLE-FAMILY;0.4
9;f_sol;-;A;1991-2005;SINGLE-FAMILY;0.1
9;F_sh;-;A;1991-2005;SINGLE-FAMILY;1
9;F_w;-;A;1991-2005;SINGLE-FAMILY;0.9
9;F_fr;-;A;1991-2005;SINGLE-FAMILY;0.25
9;A_tot;m2;A;1991-2005;SINGLE-FAMILY;390.15
9;ΣA_eli*h_ci,eli;W/K;A;1991-2005;SINGLE-FAMILY;1062.45
9;V_tot;m3;A;1991-2005;SINGLE-FAMILY;486
9;A_floor;m2;A;1991-2005;SINGLE-FAMILY;162
9;H_ve;W/K;A;1991-2005;SINGLE-FAMILY;49.054572
9;H_tb;W/K;A;1991-2005;SINGLE-FAMILY;89.61285714
9;gn;-;A;1991-2005;SINGLE-FAMILY;0.75
10;h_se;W/m2K;A;1991-2005;DOUBLE-FAMILY;24.14
10;h_re;W/m2K;A;1991-2005;DOUBLE-FAMILY;4.14
10;C_m,int;J/m2K;A;1991-2005;DOUBLE-FAMILY;10000
10;C_vol,air;J/m3K;A;1991-2005;DOUBLE-FAMILY;1211.224
10;q_ve;m3/s;A;1991-2005;DOUBLE-FAMILY;8.33E-005
10;f_hc;-;A;1991-2005;DOUBLE-FAMILY;0.4
10;f_int;-;A;1991-2005;DOUBLE-FAMILY;0.4
10;f_sol;-;A;1991-2005;DOUBLE-FAMILY;0.1
10;F_sh;-;A;1991-2005;DOUBLE-FAMILY;1
10;F_w;-;A;1991-2005;DOUBLE-FAMILY;0.9
10;F_fr;-;A;1991-2005;DOUBLE-FAMILY;0.25
10;A_tot;m2;A;1991-2005;DOUBLE-FAMILY;524.15
10;ΣA_eli*h_ci,eli;W/K;A;1991-2005;DOUBLE-FAMILY;1440.45
10;V_tot;m3;A;1991-2005;DOUBLE-FAMILY;726
10;A_floor;m2;A;1991-2005;DOUBLE-FAMILY;242
10;H_ve;W/K;A;1991-2005;DOUBLE-FAMILY;73.279052
10;H_tb;W/K;A;1991-2005;DOUBLE-FAMILY;102.1157143
10;gn;-;A;1991-2005;DOUBLE-FAMILY;0.75
11;h_se;W/m2K;A;1991-2005;MULTI-FAMILY;24.14
11;h_re;W/m2K;A;1991-2005;MULTI-FAMILY;4.14
11;C_m,int;J/m2K;A;1991-2005;MULTI-FAMILY;10000
11;C_vol,air;J/m3K;A;1991-2005;MULTI-FAMILY;1211.224
11;q_ve;m3/s;A;1991-2005;MULTI-FAMILY;8.33E-005
11;f_hc;-;A;1991-2005;MULTI-FAMILY;0.4
11;f_int;-;A;1991-2005;MULTI-FAMILY;0.4
11;f_sol;-;A;1991-2005;MULTI-FAMILY;0.1
11;F_sh;-;A;1991-2005;MULTI-FAMILY;1
11;F_w;-;A;1991-2005;MULTI-FAMILY;0.9
11;F_fr;-;A;1991-2005;MULTI-FAMILY;0.25
11;A_tot;m2;A;1991-2005;MULTI-FAMILY;968
11;ΣA_eli*h_ci,eli;W/K;A;1991-2005;MULTI-FAMILY;2712
11;V_tot;m3;A;1991-2005;MULTI-FAMILY;1920
11;A_floor;m2;A;1991-2005;MULTI-FAMILY;640
11;H_ve;W/K;A;1991-2005;MULTI-FAMILY;193.79584
11;H_tb;W/K;A;1991-2005;MULTI-FAMILY;259.3871429
11;gn;-;A;1991-2005;MULTI-FAMILY;0.75
12;h_se;W/m2K;A;1991-2005;APARTMENT-BLOCK;24.14
12;h_re;W/m2K;A;1991-2005;APARTMENT-BLOCK;4.14
12;C_m,int;J/m2K;A;1991-2005;APARTMENT-BLOCK;10000
12;C_vol,air;J/m3K;A;1991-2005;APARTMENT-BLOCK;1211.224
12;q_ve;m3/s;A;1991-2005;APARTMENT-BLOCK;8.33E-005
12;f_hc;-;A;1991-2005;APARTMENT-BLOCK;0.4
12;f_int;-;A;1991-2005;APARTMENT-BLOCK;0.4
12;f_sol;-;A;1991-2005;APARTMENT-BLOCK;0.1
12;F_sh;-;A;1991-2005;APARTMENT-BLOCK;1
12;F_w;-;A;1991-2005;APARTMENT-BLOCK;0.9
12;F_fr;-;A;1991-2005;APARTMENT-BLOCK;0.25
12;A_tot;m2;A;1991-2005;APARTMENT-BLOCK;1740
12;ΣA_eli*h_ci,eli;W/K;A;1991-2005;APARTMENT-BLOCK;4968
12;V_tot;m3;A;1991-2005;APARTMENT-BLOCK;4320
12;A_floor;m2;A;1991-2005;APARTMENT-BLOCK;1440
12;H_ve;W/K;A;1991-2005;APARTMENT-BLOCK;436.04064
12;H_tb;W/K;A;1991-2005;APARTMENT-BLOCK;443.9728571
12;gn;-;A;1991-2005;APARTMENT-BLOCK;0.75
13;h_se;W/m2K;A;2006-2011;SINGLE-FAMILY;24.14
13;h_re;W/m2K;A;2006-2011;SINGLE-FAMILY;4.14
13;C_m,int;J/m2K;A;2006-2011;SINGLE-FAMILY;10000
13;C_vol,air;J/m3K;A;2006-2011;SINGLE-FAMILY;1211.224
13;q_ve;m3/s;A;2006-2011;SINGLE-FAMILY;8.33E-005
13;f_hc;-;A;2006-2011;SINGLE-FAMILY;0.4
13;f_int;-;A;2006-2011;SINGLE-FAMILY;0.4
13;f_sol;-;A;2006-2011;SINGLE-FAMILY;0.1
13;F_sh;-;A;2006-2011;SINGLE-FAMILY;1
13;F_w;-;A;2006-2011;SINGLE-FAMILY;0.9
13;F_fr;-;A;2006-2011;SINGLE-FAMILY;0.25
13;A_tot;m2;A;2006-2011;SINGLE-FAMILY;390.15
13;ΣA_eli*h_ci,eli;W/K;A;2006-2011;SINGLE-FAMILY;1062.45
13;V_tot;m3;A;2006-2011;SINGLE-FAMILY;486
13;A_floor;m2;A;2006-2011;SINGLE-FAMILY;162
13;H_ve;W/K;A;2006-2011;SINGLE-FAMILY;49.054572
13;H_tb;W/K;A;2006-2011;SINGLE-FAMILY;35.9164125
13;gn;-;A;2006-2011;SINGLE-FAMILY;0.67
14;h_se;W/m2K;A;2006-2011;DOUBLE-FAMILY;24.14
14;h_re;W/m2K;A;2006-2011;DOUBLE-FAMILY;4.14
14;C_m,int;J/m2K;A;2006-2011;DOUBLE-FAMILY;10000
14;C_vol,air;J/m3K;A;2006-2011;DOUBLE-FAMILY;1211.224
14;q_ve;m3/s;A;2006-2011;DOUBLE-FAMILY;8.33E-005
14;f_hc;-;A;2006-2011;DOUBLE-FAMILY;0.4
14;f_int;-;A;2006-2011;DOUBLE-FAMILY;0.4
14;f_sol;-;A;2006-2011;DOUBLE-FAMILY;0.1
14;F_sh;-;A;2006-2011;DOUBLE-FAMILY;1
14;F_w;-;A;2006-2011;DOUBLE-FAMILY;0.9
14;F_fr;-;A;2006-2011;DOUBLE-FAMILY;0.25
14;A_tot;m2;A;2006-2011;DOUBLE-FAMILY;524.15
14;ΣA_eli*h_ci,eli;W/K;A;2006-2011;DOUBLE-FAMILY;1440.45
14;V_tot;m3;A;2006-2011;DOUBLE-FAMILY;726
14;A_floor;m2;A;2006-2011;DOUBLE-FAMILY;242
14;H_ve;W/K;A;2006-2011;DOUBLE-FAMILY;73.279052
14;H_tb;W/K;A;2006-2011;DOUBLE-FAMILY;46.1773125
14;gn;-;A;2006-2011;DOUBLE-FAMILY;0.67
15;h_se;W/m2K;A;2006-2011;MULTI-FAMILY;24.14
15;h_re;W/m2K;A;2006-2011;MULTI-FAMILY;4.14
15;C_m,int;J/m2K;A;2006-2011;MULTI-FAMILY;10000
15;C_vol,air;J/m3K;A;2006-2011;MULTI-FAMILY;1211.224
15;q_ve;m3/s;A;2006-2011;MULTI-FAMILY;8.33E-005
15;f_hc;-;A;2006-2011;MULTI-FAMILY;0.4
15;f_int;-;A;2006-2011;MULTI-FAMILY;0.4
15;f_sol;-;A;2006-2011;MULTI-FAMILY;0.1
15;F_sh;-;A;2006-2011;MULTI-FAMILY;1
15;F_w;-;A;2006-2011;MULTI-FAMILY;0.9
15;F_fr;-;A;2006-2011;MULTI-FAMILY;0.25
15;A_tot;m2;A;2006-2011;MULTI-FAMILY;968
15;ΣA_eli*h_ci,eli;W/K;A;2006-2011;MULTI-FAMILY;2712
15;V_tot;m3;A;2006-2011;MULTI-FAMILY;1920
15;A_floor;m2;A;2006-2011;MULTI-FAMILY;640
15;H_ve;W/K;A;2006-2011;MULTI-FAMILY;193.79584
15;H_tb;W/K;A;2006-2011;MULTI-FAMILY;96.0912
15;gn;-;A;2006-2011;MULTI-FAMILY;0.67
16;h_se;W/m2K;A;2006-2011;APARTMENT-BLOCK;24.14
16;h_re;W/m2K;A;2006-2011;APARTMENT-BLOCK;4.14
16;C_m,int;J/m2K;A;2006-2011;APARTMENT-BLOCK;10000
16;C_vol,air;J/m3K;A;2006-2011;APARTMENT-BLOCK;1211.224
16;q_ve;m3/s;A;2006-2011;APARTMENT-BLOCK;8.33E-005
16;f_hc;-;A;2006-2011;APARTMENT-BLOCK;0.4
16;f_int;-;A;2006-2011;APARTMENT-BLOCK;0.4
16;f_sol;-;A;2006-2011;APARTMENT-BLOCK;0.1
16;F_sh;-;A;2006-2011;APARTMENT-BLOCK;1
16;F_w;-;A;2006-2011;APARTMENT-BLOCK;0.9
16;F_fr;-;A;2006-2011;APARTMENT-BLOCK;0.25
16;A_tot;m2;A;2006-2011;APARTMENT-BLOCK;1740
16;ΣA_eli*h_ci,eli;W/K;A;2006-2011;APARTMENT-BLOCK;4968
16;V_tot;m3;A;2006-2011;APARTMENT-BLOCK;4320
16;A_floor;m2;A;2006-2011;APARTMENT-BLOCK;1440
16;H_ve;W/K;A;2006-2011;APARTMENT-BLOCK;436.04064
16;H_tb;W/K;A;2006-2011;APARTMENT-BLOCK;180.8352
16;gn;-;A;2006-2011;APARTMENT-BLOCK;0.67
17;h_se;W/m2K;A;NZEB;SINGLE-FAMILY;24.14
17;h_re;W/m2K;A;NZEB;SINGLE-FAMILY;4.14
17;C_m,int;J/m2K;A;NZEB;SINGLE-FAMILY;10000
17;C_vol,air;J/m3K;A;NZEB;SINGLE-FAMILY;1211.224
17;q_ve;m3/s;A;NZEB;SINGLE-FAMILY;8.33E-005
17;f_hc;-;A;NZEB;SINGLE-FAMILY;0.4
17;f_int;-;A;NZEB;SINGLE-FAMILY;0.4
17;f_sol;-;A;NZEB;SINGLE-FAMILY;0.1
17;F_sh;-;A;NZEB;SINGLE-FAMILY;1
17;F_w;-;A;NZEB;SINGLE-FAMILY;0.9
17;F_fr;-;A;NZEB;SINGLE-FAMILY;0.25
17;A_tot;m2;A;NZEB;SINGLE-FAMILY;390.15
17;ΣA_eli*h_ci,eli;W/K;A;NZEB;SINGLE-FAMILY;1062.45
17;V_tot;m3;A;NZEB;SINGLE-FAMILY;486
17;A_floor;m2;A;NZEB;SINGLE-FAMILY;162
17;H_ve;W/K;A;NZEB;SINGLE-FAMILY;49.054572
17;H_tb;W/K;A;NZEB;SINGLE-FAMILY;0
17;gn;-;A;NZEB;SINGLE-FAMILY;0.35
18;h_se;W/m2K;A;NZEB;DOUBLE-FAMILY;24.14
18;h_re;W/m2K;A;NZEB;DOUBLE-FAMILY;4.14
18;C_m,int;J/m2K;A;NZEB;DOUBLE-FAMILY;10000
18;C_vol,air;J/m3K;A;NZEB;DOUBLE-FAMILY;1211.224
18;q_ve;m3/s;A;NZEB;DOUBLE-FAMILY;8.33E-005
18;f_hc;-;A;NZEB;DOUBLE-FAMILY;0.4
18;f_int;-;A;NZEB;DOUBLE-FAMILY;0.4
18;f_sol;-;A;NZEB;DOUBLE-FAMILY;0.1
18;F_sh;-;A;NZEB;DOUBLE-FAMILY;1
18;F_w;-;A;NZEB;DOUBLE-FAMILY;0.9
18;F_fr;-;A;NZEB;DOUBLE-FAMILY;0.25
18;A_tot;m2;A;NZEB;DOUBLE-FAMILY;524.15
18;ΣA_eli*h_ci,eli;W/K;A;NZEB;DOUBLE-FAMILY;1440.45
18;V_tot;m3;A;NZEB;DOUBLE-FAMILY;726
18;A_floor;m2;A;NZEB;DOUBLE-FAMILY;242
18;H_ve;W/K;A;NZEB;DOUBLE-FAMILY;73.279052
18;H_tb;W/K;A;NZEB;DOUBLE-FAMILY;0
18;gn;-;A;NZEB;DOUBLE-FAMILY;0.35
19;h_se;W/m2K;A;NZEB;MULTI-FAMILY;24.14
19;h_re;W/m2K;A;NZEB;MULTI-FAMILY;4.14
19;C_m,int;J/m2K;A;NZEB;MULTI-FAMILY;10000
19;C_vol,air;J/m3K;A;NZEB;MULTI-FAMILY;1211.224
19;q_ve;m3/s;A;NZEB;MULTI-FAMILY;8.33E-005
19;f_hc;-;A;NZEB;MULTI-FAMILY;0.4
19;f_int;-;A;NZEB;MULTI-FAMILY;0.4
19;f_sol;-;A;NZEB;MULTI-FAMILY;0.1
19;F_sh;-;A;NZEB;MULTI-FAMILY;1
19;F_w;-;A;NZEB;MULTI-FAMILY;0.9
19;F_fr;-;A;NZEB;MULTI-FAMILY;0.25
19;A_tot;m2;A;NZEB;MULTI-FAMILY;968
19;ΣA_eli*h_ci,eli;W/K;A;NZEB;MULTI-FAMILY;2712
19;V_tot;m3;A;NZEB;MULTI-FAMILY;1920
19;A_floor;m2;A;NZEB;MULTI-FAMILY;640
19;H_ve;W/K;A;NZEB;MULTI-FAMILY;193.79584
19;H_tb;W/K;A;NZEB;MULTI-FAMILY;0
19;gn;-;A;NZEB;MULTI-FAMILY;0.35
20;h_se;W/m2K;A;NZEB;APARTMENT-BLOCK;24.14
20;h_re;W/m2K;A;NZEB;APARTMENT-BLOCK;4.14
20;C_m,int;J/m2K;A;NZEB;APARTMENT-BLOCK;10000
20;C_vol,air;J/m3K;A;NZEB;APARTMENT-BLOCK;1211.224
20;q_ve;m3/s;A;NZEB;APARTMENT-BLOCK;8.33E-005
20;f_hc;-;A;NZEB;APARTMENT-BLOCK;0.4
20;f_int;-;A;NZEB;APARTMENT-BLOCK;0.4
20;f_sol;-;A;NZEB;APARTMENT-BLOCK;0.1
20;F_sh;-;A;NZEB;APARTMENT-BLOCK;1
20;F_w;-;A;NZEB;APARTMENT-BLOCK;0.9
20;F_fr;-;A;NZEB;APARTMENT-BLOCK;0.25
20;A_tot;m2;A;NZEB;APARTMENT-BLOCK;1740
20;ΣA_eli*h_ci,eli;W/K;A;NZEB;APARTMENT-BLOCK;4968
20;V_tot;m3;A;NZEB;APARTMENT-BLOCK;4320
20;A_floor;m2;A;NZEB;APARTMENT-BLOCK;1440
20;H_ve;W/K;A;NZEB;APARTMENT-BLOCK;436.04064
20;H_tb;W/K;A;NZEB;APARTMENT-BLOCK;0
20;gn;-;A;NZEB;APARTMENT-BLOCK;0.35
21;h_se;W/m2K;B;<1975;SINGLE-FAMILY;24.14
21;h_re;W/m2K;B;<1975;SINGLE-FAMILY;4.14
21;C_m,int;J/m2K;B;<1975;SINGLE-FAMILY;10000
21;C_vol,air;J/m3K;B;<1975;SINGLE-FAMILY;1211.224
21;q_ve;m3/s;B;<1975;SINGLE-FAMILY;8.33E-005
21;f_hc;-;B;<1975;SINGLE-FAMILY;0.4
21;f_int;-;B;<1975;SINGLE-FAMILY;0.4
21;f_sol;-;B;<1975;SINGLE-FAMILY;0.1
21;F_sh;-;B;<1975;SINGLE-FAMILY;1
21;F_w;-;B;<1975;SINGLE-FAMILY;0.9
21;F_fr;-;B;<1975;SINGLE-FAMILY;0.25
21;A_tot;m2;B;<1975;SINGLE-FAMILY;390.15
21;ΣA_eli*h_ci,eli;W/K;B;<1975;SINGLE-FAMILY;1062.45
21;V_tot;m3;B;<1975;SINGLE-FAMILY;486
21;A_floor;m2;B;<1975;SINGLE-FAMILY;162
21;H_ve;W/K;B;<1975;SINGLE-FAMILY;49.054572
21;H_tb;W/K;B;<1975;SINGLE-FAMILY;170.9285714
21;gn;-;B;<1975;SINGLE-FAMILY;0.85
22;h_se;W/m2K;B;<1975;DOUBLE-FAMILY;24.14
22;h_re;W/m2K;B;<1975;DOUBLE-FAMILY;4.14
22;C_m,int;J/m2K;B;<1975;DOUBLE-FAMILY;10000
22;C_vol,air;J/m3K;B;<1975;DOUBLE-FAMILY;1211.224
22;q_ve;m3/s;B;<1975;DOUBLE-FAMILY;8.33E-005
22;f_hc;-;B;<1975;DOUBLE-FAMILY;0.4
22;f_int;-;B;<1975;DOUBLE-FAMILY;0.4
22;f_sol;-;B;<1975;DOUBLE-FAMILY;0.1
22;F_sh;-;B;<1975;DOUBLE-FAMILY;1
22;F_w;-;B;<1975;DOUBLE-FAMILY;0.9
22;F_fr;-;B;<1975;DOUBLE-FAMILY;0.25
22;A_tot;m2;B;<1975;DOUBLE-FAMILY;524.15
22;ΣA_eli*h_ci,eli;W/K;B;<1975;DOUBLE-FAMILY;1440.45
22;V_tot;m3;B;<1975;DOUBLE-FAMILY;726
22;A_floor;m2;B;<1975;DOUBLE-FAMILY;242
22;H_ve;W/K;B;<1975;DOUBLE-FAMILY;73.279052
22;H_tb;W/K;B;<1975;DOUBLE-FAMILY;207.9571429
22;gn;-;B;<1975;DOUBLE-FAMILY;0.85
23;h_se;W/m2K;B;<1975;MULTI-FAMILY;24.14
23;h_re;W/m2K;B;<1975;MULTI-FAMILY;4.14
23;C_m,int;J/m2K;B;<1975;MULTI-FAMILY;10000
23;C_vol,air;J/m3K;B;<1975;MULTI-FAMILY;1211.224
23;q_ve;m3/s;B;<1975;MULTI-FAMILY;8.33E-005
23;f_hc;-;B;<1975;MULTI-FAMILY;0.4
23;f_int;-;B;<1975;MULTI-FAMILY;0.4
23;f_sol;-;B;<1975;MULTI-FAMILY;0.1
23;F_sh;-;B;<1975;MULTI-FAMILY;1
23;F_w;-;B;<1975;MULTI-FAMILY;0.9
23;F_fr;-;B;<1975;MULTI-FAMILY;0.25
23;A_tot;m2;B;<1975;MULTI-FAMILY;968
23;ΣA_eli*h_ci,eli;W/K;B;<1975;MULTI-FAMILY;2712
23;V_tot;m3;B;<1975;MULTI-FAMILY;1920
23;A_floor;m2;B;<1975;MULTI-FAMILY;640
23;H_ve;W/K;B;<1975;MULTI-FAMILY;193.79584
23;H_tb;W/K;B;<1975;MULTI-FAMILY;428.2714286
23;gn;-;B;<1975;MULTI-FAMILY;0.85
24;h_se;W/m2K;B;<1975;APARTMENT-BLOCK;24.14
24;h_re;W/m2K;B;<1975;APARTMENT-BLOCK;4.14
24;C_m,int;J/m2K;B;<1975;APARTMENT-BLOCK;10000
24;C_vol,air;J/m3K;B;<1975;APARTMENT-BLOCK;1211.224
24;q_ve;m3/s;B;<1975;APARTMENT-BLOCK;8.33E-005
24;f_hc;-;B;<1975;APARTMENT-BLOCK;0.4
24;f_int;-;B;<1975;APARTMENT-BLOCK;0.4
24;f_sol;-;B;<1975;APARTMENT-BLOCK;0.1
24;F_sh;-;B;<1975;APARTMENT-BLOCK;1
24;F_w;-;B;<1975;APARTMENT-BLOCK;0.9
24;F_fr;-;B;<1975;APARTMENT-BLOCK;0.25
24;A_tot;m2;B;<1975;APARTMENT-BLOCK;1740
24;ΣA_eli*h_ci,eli;W/K;B;<1975;APARTMENT-BLOCK;4968
24;V_tot;m3;B;<1975;APARTMENT-BLOCK;4320
24;A_floor;m2;B;<1975;APARTMENT-BLOCK;1440
24;H_ve;W/K;B;<1975;APARTMENT-BLOCK;436.04064
24;H_tb;W/K;B;<1975;APARTMENT-BLOCK;795.3285714
24;gn;-;B;<1975;APARTMENT-BLOCK;0.85
25;h_se;W/m2K;B;1976-1990;SINGLE-FAMILY;24.14
25;h_re;W/m2K;B;1976-1990;SINGLE-FAMILY;4.14
25;C_m,int;J/m2K;B;1976-1990;SINGLE-FAMILY;10000
25;C_vol,air;J/m3K;B;1976-1990;SINGLE-FAMILY;1211.224
25;q_ve;m3/s;B;1976-1990;SINGLE-FAMILY;8.33E-005
25;f_hc;-;B;1976-1990;SINGLE-FAMILY;0.4
25;f_int;-;B;1976-1990;SINGLE-FAMILY;0.4
25;f_sol;-;B;1976-1990;SINGLE-FAMILY;0.1
25;F_sh;-;B;1976-1990;SINGLE-FAMILY;1
25;F_w;-;B;1976-1990;SINGLE-FAMILY;0.9
25;F_fr;-;B;1976-1990;SINGLE-FAMILY;0.25
25;A_tot;m2;B;1976-1990;SINGLE-FAMILY;390.15
25;ΣA_eli*h_ci,eli;W/K;B;1976-1990;SINGLE-FAMILY;1062.45
25;V_tot;m3;B;1976-1990;SINGLE-FAMILY;486
25;A_floor;m2;B;1976-1990;SINGLE-FAMILY;162
25;H_ve;W/K;B;1976-1990;SINGLE-FAMILY;49.054572
25;H_tb;W/K;B;1976-1990;SINGLE-FAMILY;89.61285714
25;gn;-;B;1976-1990;SINGLE-FAMILY;0.75
26;h_se;W/m2K;B;1976-1990;DOUBLE-FAMILY;24.14
26;h_re;W/m2K;B;1976-1990;DOUBLE-FAMILY;4.14
26;C_m,int;J/m2K;B;1976-1990;DOUBLE-FAMILY;10000
26;C_vol,air;J/m3K;B;1976-1990;DOUBLE-FAMILY;1211.224
26;q_ve;m3/s;B;1976-1990;DOUBLE-FAMILY;8.33E-005
26;f_hc;-;B;1976-1990;DOUBLE-FAMILY;0.4
26;f_int;-;B;1976-1990;DOUBLE-FAMILY;0.4
26;f_sol;-;B;1976-1990;DOUBLE-FAMILY;0.1
26;F_sh;-;B;1976-1990;DOUBLE-FAMILY;1
26;F_w;-;B;1976-1990;DOUBLE-FAMILY;0.9
26;F_fr;-;B;1976-1990;DOUBLE-FAMILY;0.25
26;A_tot;m2;B;1976-1990;DOUBLE-FAMILY;524.15
26;ΣA_eli*h_ci,eli;W/K;B;1976-1990;DOUBLE-FAMILY;1440.45
26;V_tot;m3;B;1976-1990;DOUBLE-FAMILY;726
26;A_floor;m2;B;1976-1990;DOUBLE-FAMILY;242
26;H_ve;W/K;B;1976-1990;DOUBLE-FAMILY;73.279052
26;H_tb;W/K;B;1976-1990;DOUBLE-FAMILY;102.1157143
26;gn;-;B;1976-1990;DOUBLE-FAMILY;0.75
27;h_se;W/m2K;B;1976-1990;MULTI-FAMILY;24.14
27;h_re;W/m2K;B;1976-1990;MULTI-FAMILY;4.14
27;C_m,int;J/m2K;B;1976-1990;MULTI-FAMILY;10000
27;C_vol,air;J/m3K;B;1976-1990;MULTI-FAMILY;1211.224
27;q_ve;m3/s;B;1976-1990;MULTI-FAMILY;8.33E-005
27;f_hc;-;B;1976-1990;MULTI-FAMILY;0.4
27;f_int;-;B;1976-1990;MULTI-FAMILY;0.4
27;f_sol;-;B;1976-1990;MULTI-FAMILY;0.1
27;F_sh;-;B;1976-1990;MULTI-FAMILY;1
27;F_w;-;B;1976-1990;MULTI-FAMILY;0.9
27;F_fr;-;B;1976-1990;MULTI-FAMILY;0.25
27;A_tot;m2;B;1976-1990;MULTI-FAMILY;968
27;ΣA_eli*h_ci,eli;W/K;B;1976-1990;MULTI-FAMILY;2712
27;V_tot;m3;B;1976-1990;MULTI-FAMILY;1920
27;A_floor;m2;B;1976-1990;MULTI-FAMILY;640
27;H_ve;W/K;B;1976-1990;MULTI-FAMILY;193.79584
27;H_tb;W/K;B;1976-1990;MULTI-FAMILY;259.3871429
27;gn;-;B;1976-1990;MULTI-FAMILY;0.75
28;h_se;W/m2K;B;1976-1990;APARTMENT-BLOCK;24.14
28;h_re;W/m2K;B;1976-1990;APARTMENT-BLOCK;4.14
28;C_m,int;J/m2K;B;1976-1990;APARTMENT-BLOCK;10000
28;C_vol,air;J/m3K;B;1976-1990;APARTMENT-BLOCK;1211.224
28;q_ve;m3/s;B;1976-1990;APARTMENT-BLOCK;8.33E-005
28;f_hc;-;B;1976-1990;APARTMENT-BLOCK;0.4
28;f_int;-;B;1976-1990;APARTMENT-BLOCK;0.4
28;f_sol;-;B;1976-1990;APARTMENT-BLOCK;0.1
28;F_sh;-;B;1976-1990;APARTMENT-BLOCK;1
28;F_w;-;B;1976-1990;APARTMENT-BLOCK;0.9
28;F_fr;-;B;1976-1990;APARTMENT-BLOCK;0.25
28;A_tot;m2;B;1976-1990;APARTMENT-BLOCK;1740
28;ΣA_eli*h_ci,eli;W/K;B;1976-1990;APARTMENT-BLOCK;4968
28;V_tot;m3;B;1976-1990;APARTMENT-BLOCK;4320
28;A_floor;m2;B;1976-1990;APARTMENT-BLOCK;1440
28;H_ve;W/K;B;1976-1990;APARTMENT-BLOCK;436.04064
28;H_tb;W/K;B;1976-1990;APARTMENT-BLOCK;443.9728571
28;gn;-;B;1976-1990;APARTMENT-BLOCK;0.75
29;h_se;W/m2K;B;1991-2005;SINGLE-FAMILY;24.14
29;h_re;W/m2K;B;1991-2005;SINGLE-FAMILY;4.14
29;C_m,int;J/m2K;B;1991-2005;SINGLE-FAMILY;10000
29;C_vol,air;J/m3K;B;1991-2005;SINGLE-FAMILY;1293.778571
29;q_ve;m3/s;B;1991-2005;SINGLE-FAMILY;8.33E-005
29;f_hc;-;B;1991-2005;SINGLE-FAMILY;0.4
29;f_int;-;B;1991-2005;SINGLE-FAMILY;0.4
29;f_sol;-;B;1991-2005;SINGLE-FAMILY;0.1
29;F_sh;-;B;1991-2005;SINGLE-FAMILY;1
29;F_w;-;B;1991-2005;SINGLE-FAMILY;0.9
29;F_fr;-;B;1991-2005;SINGLE-FAMILY;0.25
29;A_tot;m2;B;1991-2005;SINGLE-FAMILY;390.15
29;ΣA_eli*h_ci,eli;W/K;B;1991-2005;SINGLE-FAMILY;1062.45
29;V_tot;m3;B;1991-2005;SINGLE-FAMILY;486
29;A_floor;m2;B;1991-2005;SINGLE-FAMILY;162
29;H_ve;W/K;B;1991-2005;SINGLE-FAMILY;49.054572
29;H_tb;W/K;B;1991-2005;SINGLE-FAMILY;89.61285714
29;gn;-;B;1991-2005;SINGLE-FAMILY;0.75
30;h_se;W/m2K;B;1991-2005;DOUBLE-FAMILY;24.14
30;h_re;W/m2K;B;1991-2005;DOUBLE-FAMILY;4.14
30;C_m,int;J/m2K;B;1991-2005;DOUBLE-FAMILY;10000
30;C_vol,air;J/m3K;B;1991-2005;DOUBLE-FAMILY;1211.224
30;q_ve;m3/s;B;1991-2005;DOUBLE-FAMILY;8.33E-005
30;f_hc;-;B;1991-2005;DOUBLE-FAMILY;0.4
30;f_int;-;B;1991-2005;DOUBLE-FAMILY;0.4
30;f_sol;-;B;1991-2005;DOUBLE-FAMILY;0.1
30;F_sh;-;B;1991-2005;DOUBLE-FAMILY;1
30;F_w;-;B;1991-2005;DOUBLE-FAMILY;0.9
30;F_fr;-;B;1991-2005;DOUBLE-FAMILY;0.25
30;A_tot;m2;B;1991-2005;DOUBLE-FAMILY;524.15
30;ΣA_eli*h_ci,eli;W/K;B;1991-2005;DOUBLE-FAMILY;1440.45
30;V_tot;m3;B;1991-2005;DOUBLE-FAMILY;726
30;A_floor;m2;B;1991-2005;DOUBLE-FAMILY;242
30;H_ve;W/K;B;1991-2005;DOUBLE-FAMILY;73.279052
30;H_tb;W/K;B;1991-2005;DOUBLE-FAMILY;102.1157143
30;gn;-;B;1991-2005;DOUBLE-FAMILY;0.75
31;h_se;W/m2K;B;1991-2005;MULTI-FAMILY;24.14
31;h_re;W/m2K;B;1991-2005;MULTI-FAMILY;4.14
31;C_m,int;J/m2K;B;1991-2005;MULTI-FAMILY;10000
31;C_vol,air;J/m3K;B;1991-2005;MULTI-FAMILY;1211.224
31;q_ve;m3/s;B;1991-2005;MULTI-FAMILY;8.33E-005
31;f_hc;-;B;1991-2005;MULTI-FAMILY;0.4
31;f_int;-;B;1991-2005;MULTI-FAMILY;0.4
31;f_sol;-;B;1991-2005;MULTI-FAMILY;0.1
31;F_sh;-;B;1991-2005;MULTI-FAMILY;1
31;F_w;-;B;1991-2005;MULTI-FAMILY;0.9
31;F_fr;-;B;1991-2005;MULTI-FAMILY;0.25
31;A_tot;m2;B;1991-2005;MULTI-FAMILY;968
31;ΣA_eli*h_ci,eli;W/K;B;1991-2005;MULTI-FAMILY;2712
31;V_tot;m3;B;1991-2005;MULTI-FAMILY;1920
31;A_floor;m2;B;1991-2005;MULTI-FAMILY;640
31;H_ve;W/K;B;1991-2005;MULTI-FAMILY;193.79584
31;H_tb;W/K;B;1991-2005;MULTI-FAMILY;259.3871429
31;gn;-;B;1991-2005;MULTI-FAMILY;0.75
32;h_se;W/m2K;B;1991-2005;APARTMENT-BLOCK;24.14
32;h_re;W/m2K;B;1991-2005;APARTMENT-BLOCK;4.14
32;C_m,int;J/m2K;B;1991-2005;APARTMENT-BLOCK;10000
32;C_vol,air;J/m3K;B;1991-2005;APARTMENT-BLOCK;1211.224
32;q_ve;m3/s;B;1991-2005;APARTMENT-BLOCK;8.33E-005
32;f_hc;-;B;1991-2005;APARTMENT-BLOCK;0.4
32;f_int;-;B;1991-2005;APARTMENT-BLOCK;0.4
32;f_sol;-;B;1991-2005;APARTMENT-BLOCK;0.1
32;F_sh;-;B;1991-2005;APARTMENT-BLOCK;1
32;F_w;-;B;1991-2005;APARTMENT-BLOCK;0.9
32;F_fr;-;B;1991-2005;APARTMENT-BLOCK;0.25
32;A_tot;m2;B;1991-2005;APARTMENT-BLOCK;1740
32;ΣA_eli*h_ci,eli;W/K;B;1991-2005;APARTMENT-BLOCK;4968
32;V_tot;m3;B;1991-2005;APARTMENT-BLOCK;4320
32;A_floor;m2;B;1991-2005;APARTMENT-BLOCK;1440
32;H_ve;W/K;B;1991-2005;APARTMENT-BLOCK;436.04064
32;H_tb;W/K;B;1991-2005;APARTMENT-BLOCK;443.9728571
32;gn;-;B;1991-2005;APARTMENT-BLOCK;0.75
33;h_se;W/m2K;B;2006-2011;SINGLE-FAMILY;24.14
33;h_re;W/m2K;B;2006-2011;SINGLE-FAMILY;4.14
33;C_m,int;J/m2K;B;2006-2011;SINGLE-FAMILY;10000
33;C_vol,air;J/m3K;B;2006-2011;SINGLE-FAMILY;1211.224
33;q_ve;m3/s;B;2006-2011;SINGLE-FAMILY;8.33E-005
33;f_hc;-;B;2006-2011;SINGLE-FAMILY;0.4
33;f_int;-;B;2006-2011;SINGLE-FAMILY;0.4
33;f_sol;-;B;2006-2011;SINGLE-FAMILY;0.1
33;F_sh;-;B;2006-2011;SINGLE-FAMILY;1
33;F_w;-;B;2006-2011;SINGLE-FAMILY;0.9
33;F_fr;-;B;2006-2011;SINGLE-FAMILY;0.25
33;A_tot;m2;B;2006-2011;SINGLE-FAMILY;390.15
33;ΣA_eli*h_ci,eli;W/K;B;2006-2011;SINGLE-FAMILY;1062.45
33;V_tot;m3;B;2006-2011;SINGLE-FAMILY;486
33;A_floor;m2;B;2006-2011;SINGLE-FAMILY;162
33;H_ve;W/K;B;2006-2011;SINGLE-FAMILY;49.054572
33;H_tb;W/K;B;2006-2011;SINGLE-FAMILY;35.9164125
33;gn;-;B;2006-2011;SINGLE-FAMILY;0.67
34;h_se;W/m2K;B;2006-2011;DOUBLE-FAMILY;24.14
34;h_re;W/m2K;B;2006-2011;DOUBLE-FAMILY;4.14
34;C_m,int;J/m2K;B;2006-2011;DOUBLE-FAMILY;10000
34;C_vol,air;J/m3K;B;2006-2011;DOUBLE-FAMILY;1211.224
34;q_ve;m3/s;B;2006-2011;DOUBLE-FAMILY;8.33E-005
34;f_hc;-;B;2006-2011;DOUBLE-FAMILY;0.4
34;f_int;-;B;2006-2011;DOUBLE-FAMILY;0.4
34;f_sol;-;B;2006-2011;DOUBLE-FAMILY;0.1
34;F_sh;-;B;2006-2011;DOUBLE-FAMILY;1
34;F_w;-;B;2006-2011;DOUBLE-FAMILY;0.9
34;F_fr;-;B;2006-2011;DOUBLE-FAMILY;0.25
34;A_tot;m2;B;2006-2011;DOUBLE-FAMILY;524.15
34;ΣA_eli*h_ci,eli;W/K;B;2006-2011;DOUBLE-FAMILY;1440.45
34;V_tot;m3;B;2006-2011;DOUBLE-FAMILY;726
34;A_floor;m2;B;2006-2011;DOUBLE-FAMILY;242
34;H_ve;W/K;B;2006-2011;DOUBLE-FAMILY;73.279052
34;H_tb;W/K;B;2006-2011;DOUBLE-FAMILY;46.1773125
34;gn;-;B;2006-2011;DOUBLE-FAMILY;0.67
35;h_se;W/m2K;B;2006-2011;MULTI-FAMILY;24.14
35;h_re;W/m2K;B;2006-2011;MULTI-FAMILY;4.14
35;C_m,int;J/m2K;B;2006-2011;MULTI-FAMILY;10000
35;C_vol,air;J/m3K;B;2006-2011;MULTI-FAMILY;1211.224
35;q_ve;m3/s;B;2006-2011;MULTI-FAMILY;8.33E-005
35;f_hc;-;B;2006-2011;MULTI-FAMILY;0.4
35;f_int;-;B;2006-2011;MULTI-FAMILY;0.4
35;f_sol;-;B;2006-2011;MULTI-FAMILY;0.1
35;F_sh;-;B;2006-2011;MULTI-FAMILY;1
35;F_w;-;B;2006-2011;MULTI-FAMILY;0.9
35;F_fr;-;B;2006-2011;MULTI-FAMILY;0.25
35;A_tot;m2;B;2006-2011;MULTI-FAMILY;968
35;ΣA_eli*h_ci,eli;W/K;B;2006-2011;MULTI-FAMILY;2712
35;V_tot;m3;B;2006-2011;MULTI-FAMILY;1920
35;A_floor;m2;B;2006-2011;MULTI-FAMILY;640
35;H_ve;W/K;B;2006-2011;MULTI-FAMILY;193.79584
35;H_tb;W/K;B;2006-2011;MULTI-FAMILY;96.0912
35;gn;-;B;2006-2011;MULTI-FAMILY;0.67
36;h_se;W/m2K;B;2006-2011;APARTMENT-BLOCK;24.14
36;h_re;W/m2K;B;2006-2011;APARTMENT-BLOCK;4.14
36;C_m,int;J/m2K;B;2006-2011;APARTMENT-BLOCK;10000
36;C_vol,air;J/m3K;B;2006-2011;APARTMENT-BLOCK;1211.224
36;q_ve;m3/s;B;2006-2011;APARTMENT-BLOCK;8.33E-005
36;f_hc;-;B;2006-2011;APARTMENT-BLOCK;0.4
36;f_int;-;B;2006-2011;APARTMENT-BLOCK;0.4
36;f_sol;-;B;2006-2011;APARTMENT-BLOCK;0.1
36;F_sh;-;B;2006-2011;APARTMENT-BLOCK;1
36;F_w;-;B;2006-2011;APARTMENT-BLOCK;0.9
36;F_fr;-;B;2006-2011;APARTMENT-BLOCK;0.25
36;A_tot;m2;B;2006-2011;APARTMENT-BLOCK;1740
36;ΣA_eli*h_ci,eli;W/K;B;2006-2011;APARTMENT-BLOCK;4968
36;V_tot;m3;B;2006-2011;APARTMENT-BLOCK;4320
36;A_floor;m2;B;2006-2011;APARTMENT-BLOCK;1440
36;H_ve;W/K;B;2006-2011;APARTMENT-BLOCK;436.04064
36;H_tb;W/K;B;2006-2011;APARTMENT-BLOCK;180.8352
36;gn;-;B;2006-2011;APARTMENT-BLOCK;0.67
37;h_se;W/m2K;B;NZEB;SINGLE-FAMILY;24.14
37;h_re;W/m2K;B;NZEB;SINGLE-FAMILY;4.14
37;C_m,int;J/m2K;B;NZEB;SINGLE-FAMILY;10000
37;C_vol,air;J/m3K;B;NZEB;SINGLE-FAMILY;1211.224
37;q_ve;m3/s;B;NZEB;SINGLE-FAMILY;8.33E-005
37;f_hc;-;B;NZEB;SINGLE-FAMILY;0.4
37;f_int;-;B;NZEB;SINGLE-FAMILY;0.4
37;f_sol;-;B;NZEB;SINGLE-FAMILY;0.1
37;F_sh;-;B;NZEB;SINGLE-FAMILY;1
37;F_w;-;B;NZEB;SINGLE-FAMILY;0.9
37;F_fr;-;B;NZEB;SINGLE-FAMILY;0.25
37;A_tot;m2;B;NZEB;SINGLE-FAMILY;390.15
37;ΣA_eli*h_ci,eli;W/K;B;NZEB;SINGLE-FAMILY;1062.45
37;V_tot;m3;B;NZEB;SINGLE-FAMILY;486
37;A_floor;m2;B;NZEB;SINGLE-FAMILY;162
37;H_ve;W/K;B;NZEB;SINGLE-FAMILY;49.054572
37;H_tb;W/K;B;NZEB;SINGLE-FAMILY;0
37;gn;-;B;NZEB;SINGLE-FAMILY;0.35
38;h_se;W/m2K;B;NZEB;DOUBLE-FAMILY;24.14
38;h_re;W/m2K;B;NZEB;DOUBLE-FAMILY;4.14
38;C_m,int;J/m2K;B;NZEB;DOUBLE-FAMILY;10000
38;C_vol,air;J/m3K;B;NZEB;DOUBLE-FAMILY;1211.224
38;q_ve;m3/s;B;NZEB;DOUBLE-FAMILY;8.33E-005
38;f_hc;-;B;NZEB;DOUBLE-FAMILY;0.4
38;f_int;-;B;NZEB;DOUBLE-FAMILY;0.4
38;f_sol;-;B;NZEB;DOUBLE-FAMILY;0.1
38;F_sh;-;B;NZEB;DOUBLE-FAMILY;1
38;F_w;-;B;NZEB;DOUBLE-FAMILY;0.9
38;F_fr;-;B;NZEB;DOUBLE-FAMILY;0.25
38;A_tot;m2;B;NZEB;DOUBLE-FAMILY;524.15
38;ΣA_eli*h_ci,eli;W/K;B;NZEB;DOUBLE-FAMILY;1440.45
38;V_tot;m3;B;NZEB;DOUBLE-FAMILY;726
38;A_floor;m2;B;NZEB;DOUBLE-FAMILY;242
38;H_ve;W/K;B;NZEB;DOUBLE-FAMILY;73.279052
38;H_tb;W/K;B;NZEB;DOUBLE-FAMILY;0
38;gn;-;B;NZEB;DOUBLE-FAMILY;0.35
39;h_se;W/m2K;B;NZEB;MULTI-FAMILY;24.14
39;h_re;W/m2K;B;NZEB;MULTI-FAMILY;4.14
39;C_m,int;J/m2K;B;NZEB;MULTI-FAMILY;10000
39;C_vol,air;J/m3K;B;NZEB;MULTI-FAMILY;1211.224
39;q_ve;m3/s;B;NZEB;MULTI-FAMILY;8.33E-005
39;f_hc;-;B;NZEB;MULTI-FAMILY;0.4
39;f_int;-;B;NZEB;MULTI-FAMILY;0.4
39;f_sol;-;B;NZEB;MULTI-FAMILY;0.1
39;F_sh;-;B;NZEB;MULTI-FAMILY;1
39;F_w;-;B;NZEB;MULTI-FAMILY;0.9
39;F_fr;-;B;NZEB;MULTI-FAMILY;0.25
39;A_tot;m2;B;NZEB;MULTI-FAMILY;968
39;ΣA_eli*h_ci,eli;W/K;B;NZEB;MULTI-FAMILY;2712
39;V_tot;m3;B;NZEB;MULTI-FAMILY;1920
39;A_floor;m2;B;NZEB;MULTI-FAMILY;640
39;H_ve;W/K;B;NZEB;MULTI-FAMILY;193.79584
39;H_tb;W/K;B;NZEB;MULTI-FAMILY;0
39;gn;-;B;NZEB;MULTI-FAMILY;0.35
40;h_se;W/m2K;B;NZEB;APARTMENT-BLOCK;24.14
40;h_re;W/m2K;B;NZEB;APARTMENT-BLOCK;4.14
40;C_m,int;J/m2K;B;NZEB;APARTMENT-BLOCK;10000
40;C_vol,air;J/m3K;B;NZEB;APARTMENT-BLOCK;1211.224
40;q_ve;m3/s;B;NZEB;APARTMENT-BLOCK;8.33E-005
40;f_hc;-;B;NZEB;APARTMENT-BLOCK;0.4
40;f_int;-;B;NZEB;APARTMENT-BLOCK;0.4
40;f_sol;-;B;NZEB;APARTMENT-BLOCK;0.1
40;F_sh;-;B;NZEB;APARTMENT-BLOCK;1
40;F_w;-;B;NZEB;APARTMENT-BLOCK;0.9
40;F_fr;-;B;NZEB;APARTMENT-BLOCK;0.25
40;A_tot;m2;B;NZEB;APARTMENT-BLOCK;1740
40;ΣA_eli*h_ci,eli;W/K;B;NZEB;APARTMENT-BLOCK;4968
40;V_tot;m3;B;NZEB;APARTMENT-BLOCK;4320
40;A_floor;m2;B;NZEB;APARTMENT-BLOCK;1440
40;H_ve;W/K;B;NZEB;APARTMENT-BLOCK;436.04064
40;H_tb;W/K;B;NZEB;APARTMENT-BLOCK;0
40;gn;-;B;NZEB;APARTMENT-BLOCK;0.35
41;h_se;W/m2K;C;<1975;SINGLE-FAMILY;24.14
41;h_re;W/m2K;C;<1975;SINGLE-FAMILY;4.14
41;C_m,int;J/m2K;C;<1975;SINGLE-FAMILY;10000
41;C_vol,air;J/m3K;C;<1975;SINGLE-FAMILY;1211.224
41;q_ve;m3/s;C;<1975;SINGLE-FAMILY;8.33E-005
41;f_hc;-;C;<1975;SINGLE-FAMILY;0.4
41;f_int;-;C;<1975;SINGLE-FAMILY;0.4
41;f_sol;-;C;<1975;SINGLE-FAMILY;0.1
41;F_sh;-;C;<1975;SINGLE-FAMILY;1
41;F_w;-;C;<1975;SINGLE-FAMILY;0.9
41;F_fr;-;C;<1975;SINGLE-FAMILY;0.25
41;A_tot;m2;C;<1975;SINGLE-FAMILY;390.15
41;ΣA_eli*h_ci,eli;W/K;C;<1975;SINGLE-FAMILY;1062.45
41;V_tot;m3;C;<1975;SINGLE-FAMILY;486
41;A_floor;m2;C;<1975;SINGLE-FAMILY;162
41;H_ve;W/K;C;<1975;SINGLE-FAMILY;49.054572
41;H_tb;W/K;C;<1975;SINGLE-FAMILY;170.9285714
41;gn;-;C;<1975;SINGLE-FAMILY;0.85
42;h_se;W/m2K;C;<1975;DOUBLE-FAMILY;24.14
42;h_re;W/m2K;C;<1975;DOUBLE-FAMILY;4.14
42;C_m,int;J/m2K;C;<1975;DOUBLE-FAMILY;10000
42;C_vol,air;J/m3K;C;<1975;DOUBLE-FAMILY;1211.224
42;q_ve;m3/s;C;<1975;DOUBLE-FAMILY;8.33E-005
42;f_hc;-;C;<1975;DOUBLE-FAMILY;0.4
42;f_int;-;C;<1975;DOUBLE-FAMILY;0.4
42;f_sol;-;C;<1975;DOUBLE-FAMILY;0.1
42;F_sh;-;C;<1975;DOUBLE-FAMILY;1
42;F_w;-;C;<1975;DOUBLE-FAMILY;0.9
42;F_fr;-;C;<1975;DOUBLE-FAMILY;0.25
42;A_tot;m2;C;<1975;DOUBLE-FAMILY;524.15
42;ΣA_eli*h_ci,eli;W/K;C;<1975;DOUBLE-FAMILY;1440.45
42;V_tot;m3;C;<1975;DOUBLE-FAMILY;726
42;A_floor;m2;C;<1975;DOUBLE-FAMILY;242
42;H_ve;W/K;C;<1975;DOUBLE-FAMILY;73.279052
42;H_tb;W/K;C;<1975;DOUBLE-FAMILY;207.9571429
42;gn;-;C;<1975;DOUBLE-FAMILY;0.85
43;h_se;W/m2K;C;<1975;MULTI-FAMILY;24.14
43;h_re;W/m2K;C;<1975;MULTI-FAMILY;4.14
43;C_m,int;J/m2K;C;<1975;MULTI-FAMILY;10000
43;C_vol,air;J/m3K;C;<1975;MULTI-FAMILY;1211.224
43;q_ve;m3/s;C;<1975;MULTI-FAMILY;8.33E-005
43;f_hc;-;C;<1975;MULTI-FAMILY;0.4
43;f_int;-;C;<1975;MULTI-FAMILY;0.4
43;f_sol;-;C;<1975;MULTI-FAMILY;0.1
43;F_sh;-;C;<1975;MULTI-FAMILY;1
43;F_w;-;C;<1975;MULTI-FAMILY;0.9
43;F_fr;-;C;<1975;MULTI-FAMILY;0.25
43;A_tot;m2;C;<1975;MULTI-FAMILY;968
43;ΣA_eli*h_ci,eli;W/K;C;<1975;MULTI-FAMILY;2712
43;V_tot;m3;C;<1975;MULTI-FAMILY;1920
43;A_floor;m2;C;<1975;MULTI-FAMILY;640
43;H_ve;W/K;C;<1975;MULTI-FAMILY;193.79584
43;H_tb;W/K;C;<1975;MULTI-FAMILY;428.2714286
43;gn;-;C;<1975;MULTI-FAMILY;0.85
44;h_se;W/m2K;C;<1975;APARTMENT-BLOCK;24.14
44;h_re;W/m2K;C;<1975;APARTMENT-BLOCK;4.14
44;C_m,int;J/m2K;C;<1975;APARTMENT-BLOCK;10000
44;C_vol,air;J/m3K;C;<1975;APARTMENT-BLOCK;1211.224
44;q_ve;m3/s;C;<1975;APARTMENT-BLOCK;8.33E-005
44;f_hc;-;C;<1975;APARTMENT-BLOCK;0.4
44;f_int;-;C;<1975;APARTMENT-BLOCK;0.4
44;f_sol;-;C;<1975;APARTMENT-BLOCK;0.1
44;F_sh;-;C;<1975;APARTMENT-BLOCK;1
44;F_w;-;C;<1975;APARTMENT-BLOCK;0.9
44;F_fr;-;C;<1975;APARTMENT-BLOCK;0.25
44;A_tot;m2;C;<1975;APARTMENT-BLOCK;1740
44;ΣA_eli*h_ci,eli;W/K;C;<1975;APARTMENT-BLOCK;4968
44;V_tot;m3;C;<1975;APARTMENT-BLOCK;4320
44;A_floor;m2;C;<1975;APARTMENT-BLOCK;1440
44;H_ve;W/K;C;<1975;APARTMENT-BLOCK;436.04064
44;H_tb;W/K;C;<1975;APARTMENT-BLOCK;795.3285714
44;gn;-;C;<1975;APARTMENT-BLOCK;0.85
45;h_se;W/m2K;C;1976-1990;SINGLE-FAMILY;24.14
45;h_re;W/m2K;C;1976-1990;SINGLE-FAMILY;4.14
45;C_m,int;J/m2K;C;1976-1990;SINGLE-FAMILY;10000
45;C_vol,air;J/m3K;C;1976-1990;SINGLE-FAMILY;1211.224
45;q_ve;m3/s;C;1976-1990;SINGLE-FAMILY;8.33E-005
45;f_hc;-;C;1976-1990;SINGLE-FAMILY;0.4
45;f_int;-;C;1976-1990;SINGLE-FAMILY;0.4
45;f_sol;-;C;1976-1990;SINGLE-FAMILY;0.1
45;F_sh;-;C;1976-1990;SINGLE-FAMILY;1
45;F_w;-;C;1976-1990;SINGLE-FAMILY;0.9
45;F_fr;-;C;1976-1990;SINGLE-FAMILY;0.25
45;A_tot;m2;C;1976-1990;SINGLE-FAMILY;390.15
45;ΣA_eli*h_ci,eli;W/K;C;1976-1990;SINGLE-FAMILY;1062.45
45;V_tot;m3;C;1976-1990;SINGLE-FAMILY;486
45;A_floor;m2;C;1976-1990;SINGLE-FAMILY;162
45;H_ve;W/K;C;1976-1990;SINGLE-FAMILY;49.054572
45;H_tb;W/K;C;1976-1990;SINGLE-FAMILY;89.61285714
45;gn;-;C;1976-1990;SINGLE-FAMILY;0.75
46;h_se;W/m2K;C;1976-1990;DOUBLE-FAMILY;24.14
46;h_re;W/m2K;C;1976-1990;DOUBLE-FAMILY;4.14
46;C_m,int;J/m2K;C;1976-1990;DOUBLE-FAMILY;10000
46;C_vol,air;J/m3K;C;1976-1990;DOUBLE-FAMILY;1211.224
46;q_ve;m3/s;C;1976-1990;DOUBLE-FAMILY;8.33E-005
46;f_hc;-;C;1976-1990;DOUBLE-FAMILY;0.4
46;f_int;-;C;1976-1990;DOUBLE-FAMILY;0.4
46;f_sol;-;C;1976-1990;DOUBLE-FAMILY;0.1
46;F_sh;-;C;1976-1990;DOUBLE-FAMILY;1
46;F_w;-;C;1976-1990;DOUBLE-FAMILY;0.9
46;F_fr;-;C;1976-1990;DOUBLE-FAMILY;0.25
46;A_tot;m2;C;1976-1990;DOUBLE-FAMILY;524.15
46;ΣA_eli*h_ci,eli;W/K;C;1976-1990;DOUBLE-FAMILY;1440.45
46;V_tot;m3;C;1976-1990;DOUBLE-FAMILY;726
46;A_floor;m2;C;1976-1990;DOUBLE-FAMILY;242
46;H_ve;W/K;C;1976-1990;DOUBLE-FAMILY;73.279052
46;H_tb;W/K;C;1976-1990;DOUBLE-FAMILY;102.1157143
46;gn;-;C;1976-1990;DOUBLE-FAMILY;0.75
47;h_se;W/m2K;C;1976-1990;MULTI-FAMILY;24.14
47;h_re;W/m2K;C;1976-1990;MULTI-FAMILY;4.14
47;C_m,int;J/m2K;C;1976-1990;MULTI-FAMILY;10000
47;C_vol,air;J/m3K;C;1976-1990;MULTI-FAMILY;1211.224
47;q_ve;m3/s;C;1976-1990;MULTI-FAMILY;8.33E-005
47;f_hc;-;C;1976-1990;MULTI-FAMILY;0.4
47;f_int;-;C;1976-1990;MULTI-FAMILY;0.4
47;f_sol;-;C;1976-1990;MULTI-FAMILY;0.1
47;F_sh;-;C;1976-1990;MULTI-FAMILY;1
47;F_w;-;C;1976-1990;MULTI-FAMILY;0.9
47;F_fr;-;C;1976-1990;MULTI-FAMILY;0.25
47;A_tot;m2;C;1976-1990;MULTI-FAMILY;968
47;ΣA_eli*h_ci,eli;W/K;C;1976-1990;MULTI-FAMILY;2712
47;V_tot;m3;C;1976-1990;MULTI-FAMILY;1920
47;A_floor;m2;C;1976-1990;MULTI-FAMILY;640
47;H_ve;W/K;C;1976-1990;MULTI-FAMILY;193.79584
47;H_tb;W/K;C;1976-1990;MULTI-FAMILY;259.3871429
47;gn;-;C;1976-1990;MULTI-FAMILY;0.75
48;h_se;W/m2K;C;1976-1990;APARTMENT-BLOCK;24.14
48;h_re;W/m2K;C;1976-1990;APARTMENT-BLOCK;4.14
48;C_m,int;J/m2K;C;1976-1990;APARTMENT-BLOCK;10000
48;C_vol,air;J/m3K;C;1976-1990;APARTMENT-BLOCK;1211.224
48;q_ve;m3/s;C;1976-1990;APARTMENT-BLOCK;8.33E-005
48;f_hc;-;C;1976-1990;APARTMENT-BLOCK;0.4
48;f_int;-;C;1976-1990;APARTMENT-BLOCK;0.4
48;f_sol;-;C;1976-1990;APARTMENT-BLOCK;0.1
48;F_sh;-;C;1976-1990;APARTMENT-BLOCK;1
48;F_w;-;C;1976-1990;APARTMENT-BLOCK;0.9
48;F_fr;-;C;1976-1990;APARTMENT-BLOCK;0.25
48;A_tot;m2;C;1976-1990;APARTMENT-BLOCK;1740
48;ΣA_eli*h_ci,eli;W/K;C;1976-1990;APARTMENT-BLOCK;4968
48;V_tot;m3;C;1976-1990;APARTMENT-BLOCK;4320
48;A_floor;m2;C;1976-1990;APARTMENT-BLOCK;1440
48;H_ve;W/K;C;1976-1990;APARTMENT-BLOCK;436.04064
48;H_tb;W/K;C;1976-1990;APARTMENT-BLOCK;443.9728571
48;gn;-;C;1976-1990;APARTMENT-BLOCK;0.75
49;h_se;W/m2K;C;1991-2005;SINGLE-FAMILY;24.14
49;h_re;W/m2K;C;1991-2005;SINGLE-FAMILY;4.14
49;C_m,int;J/m2K;C;1991-2005;SINGLE-FAMILY;10000
49;C_vol,air;J/m3K;C;1991-2005;SINGLE-FAMILY;1293.778571
49;q_ve;m3/s;C;1991-2005;SINGLE-FAMILY;8.33E-005
49;f_hc;-;C;1991-2005;SINGLE-FAMILY;0.4
49;f_int;-;C;1991-2005;SINGLE-FAMILY;0.4
49;f_sol;-;C;1991-2005;SINGLE-FAMILY;0.1
49;F_sh;-;C;1991-2005;SINGLE-FAMILY;1
49;F_w;-;C;1991-2005;SINGLE-FAMILY;0.9
49;F_fr;-;C;1991-2005;SINGLE-FAMILY;0.25
49;A_tot;m2;C;1991-2005;SINGLE-FAMILY;390.15
49;ΣA_eli*h_ci,eli;W/K;C;1991-2005;SINGLE-FAMILY;1062.45
49;V_tot;m3;C;1991-2005;SINGLE-FAMILY;486
49;A_floor;m2;C;1991-2005;SINGLE-FAMILY;162
49;H_ve;W/K;C;1991-2005;SINGLE-FAMILY;49.054572
49;H_tb;W/K;C;1991-2005;SINGLE-FAMILY;89.61285714
49;gn;-;C;1991-2005;SINGLE-FAMILY;0.75
50;h_se;W/m2K;C;1991-2005;DOUBLE-FAMILY;24.14
50;h_re;W/m2K;C;1991-2005;DOUBLE-FAMILY;4.14
50;C_m,int;J/m2K;C;1991-2005;DOUBLE-FAMILY;10000
50;C_vol,air;J/m3K;C;1991-2005;DOUBLE-FAMILY;1211.224
50;q_ve;m3/s;C;1991-2005;DOUBLE-FAMILY;8.33E-005
50;f_hc;-;C;1991-2005;DOUBLE-FAMILY;0.4
50;f_int;-;C;1991-2005;DOUBLE-FAMILY;0.4
50;f_sol;-;C;1991-2005;DOUBLE-FAMILY;0.1
50;F_sh;-;C;1991-2005;DOUBLE-FAMILY;1
50;F_w;-;C;1991-2005;DOUBLE-FAMILY;0.9
50;F_fr;-;C;1991-2005;DOUBLE-FAMILY;0.25
50;A_tot;m2;C;1991-2005;DOUBLE-FAMILY;524.15
50;ΣA_eli*h_ci,eli;W/K;C;1991-2005;DOUBLE-FAMILY;1440.45
50;V_tot;m3;C;1991-2005;DOUBLE-FAMILY;726
50;A_floor;m2;C;1991-2005;DOUBLE-FAMILY;242
50;H_ve;W/K;C;1991-2005;DOUBLE-FAMILY;73.279052
50;H_tb;W/K;C;1991-2005;DOUBLE-FAMILY;102.1157143
50;gn;-;C;1991-2005;DOUBLE-FAMILY;0.75
51;h_se;W/m2K;C;1991-2005;MULTI-FAMILY;24.14
51;h_re;W/m2K;C;1991-2005;MULTI-FAMILY;4.14
51;C_m,int;J/m2K;C;1991-2005;MULTI-FAMILY;10000
51;C_vol,air;J/m3K;C;1991-2005;MULTI-FAMILY;1211.224
51;q_ve;m3/s;C;1991-2005;MULTI-FAMILY;8.33E-005
51;f_hc;-;C;1991-2005;MULTI-FAMILY;0.4
51;f_int;-;C;1991-2005;MULTI-FAMILY;0.4
51;f_sol;-;C;1991-2005;MULTI-FAMILY;0.1
51;F_sh;-;C;1991-2005;MULTI-FAMILY;1
51;F_w;-;C;1991-2005;MULTI-FAMILY;0.9
51;F_fr;-;C;1991-2005;MULTI-FAMILY;0.25
51;A_tot;m2;C;1991-2005;MULTI-FAMILY;968
51;ΣA_eli*h_ci,eli;W/K;C;1991-2005;MULTI-FAMILY;2712
51;V_tot;m3;C;1991-2005;MULTI-FAMILY;1920
51;A_floor;m2;C;1991-2005;MULTI-FAMILY;640
51;H_ve;W/K;C;1991-2005;MULTI-FAMILY;193.79584
51;H_tb;W/K;C;1991-2005;MULTI-FAMILY;259.3871429
51;gn;-;C;1991-2005;MULTI-FAMILY;0.75
52;h_se;W/m2K;C;1991-2005;APARTMENT-BLOCK;24.14
52;h_re;W/m2K;C;1991-2005;APARTMENT-BLOCK;4.14
52;C_m,int;J/m2K;C;1991-2005;APARTMENT-BLOCK;10000
52;C_vol,air;J/m3K;C;1991-2005;APARTMENT-BLOCK;1211.224
52;q_ve;m3/s;C;1991-2005;APARTMENT-BLOCK;8.33E-005
52;f_hc;-;C;1991-2005;APARTMENT-BLOCK;0.4
52;f_int;-;C;1991-2005;APARTMENT-BLOCK;0.4
52;f_sol;-;C;1991-2005;APARTMENT-BLOCK;0.1
52;F_sh;-;C;1991-2005;APARTMENT-BLOCK;1
52;F_w;-;C;1991-2005;APARTMENT-BLOCK;0.9
52;F_fr;-;C;1991-2005;APARTMENT-BLOCK;0.25
52;A_tot;m2;C;1991-2005;APARTMENT-BLOCK;1740
52;ΣA_eli*h_ci,eli;W/K;C;1991-2005;APARTMENT-BLOCK;4968
52;V_tot;m3;C;1991-2005;APARTMENT-BLOCK;4320
52;A_floor;m2;C;1991-2005;APARTMENT-BLOCK;1440
52;H_ve;W/K;C;1991-2005;APARTMENT-BLOCK;436.04064
52;H_tb;W/K;C;1991-2005;APARTMENT-BLOCK;443.9728571
52;gn;-;C;1991-2005;APARTMENT-BLOCK;0.75
53;h_se;W/m2K;C;2006-2011;SINGLE-FAMILY;24.14
53;h_re;W/m2K;C;2006-2011;SINGLE-FAMILY;4.14
53;C_m,int;J/m2K;C;2006-2011;SINGLE-FAMILY;10000
53;C_vol,air;J/m3K;C;2006-2011;SINGLE-FAMILY;1211.224
53;q_ve;m3/s;C;2006-2011;SINGLE-FAMILY;8.33E-005
53;f_hc;-;C;2006-2011;SINGLE-FAMILY;0.4
53;f_int;-;C;2006-2011;SINGLE-FAMILY;0.4
53;f_sol;-;C;2006-2011;SINGLE-FAMILY;0.1
53;F_sh;-;C;2006-2011;SINGLE-FAMILY;1
53;F_w;-;C;2006-2011;SINGLE-FAMILY;0.9
53;F_fr;-;C;2006-2011;SINGLE-FAMILY;0.25
53;A_tot;m2;C;2006-2011;SINGLE-FAMILY;390.15
53;ΣA_eli*h_ci,eli;W/K;C;2006-2011;SINGLE-FAMILY;1062.45
53;V_tot;m3;C;2006-2011;SINGLE-FAMILY;486
53;A_floor;m2;C;2006-2011;SINGLE-FAMILY;162
53;H_ve;W/K;C;2006-2011;SINGLE-FAMILY;49.054572
53;H_tb;W/K;C;2006-2011;SINGLE-FAMILY;35.9164125
53;gn;-;C;2006-2011;SINGLE-FAMILY;0.67
54;h_se;W/m2K;C;2006-2011;DOUBLE-FAMILY;24.14
54;h_re;W/m2K;C;2006-2011;DOUBLE-FAMILY;4.14
54;C_m,int;J/m2K;C;2006-2011;DOUBLE-FAMILY;10000
54;C_vol,air;J/m3K;C;2006-2011;DOUBLE-FAMILY;1211.224
54;q_ve;m3/s;C;2006-2011;DOUBLE-FAMILY;8.33E-005
54;f_hc;-;C;2006-2011;DOUBLE-FAMILY;0.4
54;f_int;-;C;2006-2011;DOUBLE-FAMILY;0.4
54;f_sol;-;C;2006-2011;DOUBLE-FAMILY;0.1
54;F_sh;-;C;2006-2011;DOUBLE-FAMILY;1
54;F_w;-;C;2006-2011;DOUBLE-FAMILY;0.9
54;F_fr;-;C;2006-2011;DOUBLE-FAMILY;0.25
54;A_tot;m2;C;2006-2011;DOUBLE-FAMILY;524.15
54;ΣA_eli*h_ci,eli;W/K;C;2006-2011;DOUBLE-FAMILY;1440.45
54;V_tot;m3;C;2006-2011;DOUBLE-FAMILY;726
54;A_floor;m2;C;2006-2011;DOUBLE-FAMILY;242
54;H_ve;W/K;C;2006-2011;DOUBLE-FAMILY;73.279052
54;H_tb;W/K;C;2006-2011;DOUBLE-FAMILY;46.1773125
54;gn;-;C;2006-2011;DOUBLE-FAMILY;0.67
55;h_se;W/m2K;C;2006-2011;MULTI-FAMILY;24.14
55;h_re;W/m2K;C;2006-2011;MULTI-FAMILY;4.14
55;C_m,int;J/m2K;C;2006-2011;MULTI-FAMILY;10000
55;C_vol,air;J/m3K;C;2006-2011;MULTI-FAMILY;1211.224
55;q_ve;m3/s;C;2006-2011;MULTI-FAMILY;8.33E-005
55;f_hc;-;C;2006-2011;MULTI-FAMILY;0.4
55;f_int;-;C;2006-2011;MULTI-FAMILY;0.4
55;f_sol;-;C;2006-2011;MULTI-FAMILY;0.1
55;F_sh;-;C;2006-2011;MULTI-FAMILY;1
55;F_w;-;C;2006-2011;MULTI-FAMILY;0.9
55;F_fr;-;C;2006-2011;MULTI-FAMILY;0.25
55;A_tot;m2;C;2006-2011;MULTI-FAMILY;968
55;ΣA_eli*h_ci,eli;W/K;C;2006-2011;MULTI-FAMILY;2712
55;V_tot;m3;C;2006-2011;MULTI-FAMILY;1920
55;A_floor;m2;C;2006-2011;MULTI-FAMILY;640
55;H_ve;W/K;C;2006-2011;MULTI-FAMILY;193.79584
55;H_tb;W/K;C;2006-2011;MULTI-FAMILY;96.0912
55;gn;-;C;2006-2011;MULTI-FAMILY;0.67
56;h_se;W/m2K;C;2006-2011;APARTMENT-BLOCK;24.14
56;h_re;W/m2K;C;2006-2011;APARTMENT-BLOCK;4.14
56;C_m,int;J/m2K;C;2006-2011;APARTMENT-BLOCK;10000
56;C_vol,air;J/m3K;C;2006-2011;APARTMENT-BLOCK;1211.224
56;q_ve;m3/s;C;2006-2011;APARTMENT-BLOCK;8.33E-005
56;f_hc;-;C;2006-2011;APARTMENT-BLOCK;0.4
56;f_int;-;C;2006-2011;APARTMENT-BLOCK;0.4
56;f_sol;-;C;2006-2011;APARTMENT-BLOCK;0.1
56;F_sh;-;C;2006-2011;APARTMENT-BLOCK;1
56;F_w;-;C;2006-2011;APARTMENT-BLOCK;0.9
56;F_fr;-;C;2006-2011;APARTMENT-BLOCK;0.25
56;A_tot;m2;C;2006-2011;APARTMENT-BLOCK;1740
56;ΣA_eli*h_ci,eli;W/K;C;2006-2011;APARTMENT-BLOCK;4968
56;V_tot;m3;C;2006-2011;APARTMENT-BLOCK;4320
56;A_floor;m2;C;2006-2011;APARTMENT-BLOCK;1440
56;H_ve;W/K;C;2006-2011;APARTMENT-BLOCK;436.04064
56;H_tb;W/K;C;2006-2011;APARTMENT-BLOCK;180.8352
56;gn;-;C;2006-2011;APARTMENT-BLOCK;0.67
57;h_se;W/m2K;C;NZEB;SINGLE-FAMILY;24.14
57;h_re;W/m2K;C;NZEB;SINGLE-FAMILY;4.14
57;C_m,int;J/m2K;C;NZEB;SINGLE-FAMILY;10000
57;C_vol,air;J/m3K;C;NZEB;SINGLE-FAMILY;1211.224
57;q_ve;m3/s;C;NZEB;SINGLE-FAMILY;8.33E-005
57;f_hc;-;C;NZEB;SINGLE-FAMILY;0.4
57;f_int;-;C;NZEB;SINGLE-FAMILY;0.4
57;f_sol;-;C;NZEB;SINGLE-FAMILY;0.1
57;F_sh;-;C;NZEB;SINGLE-FAMILY;1
57;F_w;-;C;NZEB;SINGLE-FAMILY;0.9
57;F_fr;-;C;NZEB;SINGLE-FAMILY;0.25
57;A_tot;m2;C;NZEB;SINGLE-FAMILY;390.15
57;ΣA_eli*h_ci,eli;W/K;C;NZEB;SINGLE-FAMILY;1062.45
57;V_tot;m3;C;NZEB;SINGLE-FAMILY;486
57;A_floor;m2;C;NZEB;SINGLE-FAMILY;162
57;H_ve;W/K;C;NZEB;SINGLE-FAMILY;49.054572
57;H_tb;W/K;C;NZEB;SINGLE-FAMILY;21.6
57;gn;-;C;NZEB;SINGLE-FAMILY;0.35
58;h_se;W/m2K;C;NZEB;DOUBLE-FAMILY;24.14
58;h_re;W/m2K;C;NZEB;DOUBLE-FAMILY;4.14
58;C_m,int;J/m2K;C;NZEB;DOUBLE-FAMILY;10000
58;C_vol,air;J/m3K;C;NZEB;DOUBLE-FAMILY;1211.224
58;q_ve;m3/s;C;NZEB;DOUBLE-FAMILY;8.33E-005
58;f_hc;-;C;NZEB;DOUBLE-FAMILY;0.4
58;f_int;-;C;NZEB;DOUBLE-FAMILY;0.4
58;f_sol;-;C;NZEB;DOUBLE-FAMILY;0.1
58;F_sh;-;C;NZEB;DOUBLE-FAMILY;1
58;F_w;-;C;NZEB;DOUBLE-FAMILY;0.9
58;F_fr;-;C;NZEB;DOUBLE-FAMILY;0.25
58;A_tot;m2;C;NZEB;DOUBLE-FAMILY;524.15
58;ΣA_eli*h_ci,eli;W/K;C;NZEB;DOUBLE-FAMILY;1440.45
58;V_tot;m3;C;NZEB;DOUBLE-FAMILY;726
58;A_floor;m2;C;NZEB;DOUBLE-FAMILY;242
58;H_ve;W/K;C;NZEB;DOUBLE-FAMILY;73.279052
58;H_tb;W/K;C;NZEB;DOUBLE-FAMILY;0
58;gn;-;C;NZEB;DOUBLE-FAMILY;0.35
59;h_se;W/m2K;C;NZEB;MULTI-FAMILY;24.14
59;h_re;W/m2K;C;NZEB;MULTI-FAMILY;4.14
59;C_m,int;J/m2K;C;NZEB;MULTI-FAMILY;10000
59;C_vol,air;J/m3K;C;NZEB;MULTI-FAMILY;1211.224
59;q_ve;m3/s;C;NZEB;MULTI-FAMILY;8.33E-005
59;f_hc;-;C;NZEB;MULTI-FAMILY;0.4
59;f_int;-;C;NZEB;MULTI-FAMILY;0.4
59;f_sol;-;C;NZEB;MULTI-FAMILY;0.1
59;F_sh;-;C;NZEB;MULTI-FAMILY;1
59;F_w;-;C;NZEB;MULTI-FAMILY;0.9
59;F_fr;-;C;NZEB;MULTI-FAMILY;0.25
59;A_tot;m2;C;NZEB;MULTI-FAMILY;968
59;ΣA_eli*h_ci,eli;W/K;C;NZEB;MULTI-FAMILY;2712
59;V_tot;m3;C;NZEB;MULTI-FAMILY;1920
59;A_floor;m2;C;NZEB;MULTI-FAMILY;640
59;H_ve;W/K;C;NZEB;MULTI-FAMILY;193.79584
59;H_tb;W/K;C;NZEB;MULTI-FAMILY;0
59;gn;-;C;NZEB;MULTI-FAMILY;0.35
60;h_se;W/m2K;C;NZEB;APARTMENT-BLOCK;24.14
60;h_re;W/m2K;C;NZEB;APARTMENT-BLOCK;4.14
60;C_m,int;J/m2K;C;NZEB;APARTMENT-BLOCK;10000
60;C_vol,air;J/m3K;C;NZEB;APARTMENT-BLOCK;1211.224
60;q_ve;m3/s;C;NZEB;APARTMENT-BLOCK;8.33E-005
60;f_hc;-;C;NZEB;APARTMENT-BLOCK;0.4
60;f_int;-;C;NZEB;APARTMENT-BLOCK;0.4
60;f_sol;-;C;NZEB;APARTMENT-BLOCK;0.1
60;F_sh;-;C;NZEB;APARTMENT-BLOCK;1
60;F_w;-;C;NZEB;APARTMENT-BLOCK;0.9
60;F_fr;-;C;NZEB;APARTMENT-BLOCK;0.25
60;A_tot;m2;C;NZEB;APARTMENT-BLOCK;1740
60;ΣA_eli*h_ci,eli;W/K;C;NZEB;APARTMENT-BLOCK;4968
60;V_tot;m3;C;NZEB;APARTMENT-BLOCK;4320
60;A_floor;m2;C;NZEB;APARTMENT-BLOCK;1440
60;H_ve;W/K;C;NZEB;APARTMENT-BLOCK;436.04064
60;H_tb;W/K;C;NZEB;APARTMENT-BLOCK;0
60;gn;-;C;NZEB;APARTMENT-BLOCK;0.35
61;h_se;W/m2K;D;<1975;SINGLE-FAMILY;24.14
61;h_re;W/m2K;D;<1975;SINGLE-FAMILY;4.14
61;C_m,int;J/m2K;D;<1975;SINGLE-FAMILY;10000
61;C_vol,air;J/m3K;D;<1975;SINGLE-FAMILY;1211.224
61;q_ve;m3/s;D;<1975;SINGLE-FAMILY;8.33E-005
61;f_hc;-;D;<1975;SINGLE-FAMILY;0.4
61;f_int;-;D;<1975;SINGLE-FAMILY;0.4
61;f_sol;-;D;<1975;SINGLE-FAMILY;0.1
61;F_sh;-;D;<1975;SINGLE-FAMILY;1
61;F_w;-;D;<1975;SINGLE-FAMILY;0.9
61;F_fr;-;D;<1975;SINGLE-FAMILY;0.25
61;A_tot;m2;D;<1975;SINGLE-FAMILY;390.15
61;ΣA_eli*h_ci,eli;W/K;D;<1975;SINGLE-FAMILY;1062.45
61;V_tot;m3;D;<1975;SINGLE-FAMILY;486
61;A_floor;m2;D;<1975;SINGLE-FAMILY;162
61;H_ve;W/K;D;<1975;SINGLE-FAMILY;49.054572
61;H_tb;W/K;D;<1975;SINGLE-FAMILY;170.9285714
61;gn;-;D;<1975;SINGLE-FAMILY;0.85
62;h_se;W/m2K;D;<1975;DOUBLE-FAMILY;24.14
62;h_re;W/m2K;D;<1975;DOUBLE-FAMILY;4.14
62;C_m,int;J/m2K;D;<1975;DOUBLE-FAMILY;10000
62;C_vol,air;J/m3K;D;<1975;DOUBLE-FAMILY;1211.224
62;q_ve;m3/s;D;<1975;DOUBLE-FAMILY;8.33E-005
62;f_hc;-;D;<1975;DOUBLE-FAMILY;0.4
62;f_int;-;D;<1975;DOUBLE-FAMILY;0.4
62;f_sol;-;D;<1975;DOUBLE-FAMILY;0.1
62;F_sh;-;D;<1975;DOUBLE-FAMILY;1
62;F_w;-;D;<1975;DOUBLE-FAMILY;0.9
62;F_fr;-;D;<1975;DOUBLE-FAMILY;0.25
62;A_tot;m2;D;<1975;DOUBLE-FAMILY;524.15
62;ΣA_eli*h_ci,eli;W/K;D;<1975;DOUBLE-FAMILY;1440.45
62;V_tot;m3;D;<1975;DOUBLE-FAMILY;726
62;A_floor;m2;D;<1975;DOUBLE-FAMILY;242
62;H_ve;W/K;D;<1975;DOUBLE-FAMILY;73.279052
62;H_tb;W/K;D;<1975;DOUBLE-FAMILY;207.9571429
62;gn;-;D;<1975;DOUBLE-FAMILY;0.85
63;h_se;W/m2K;D;<1975;MULTI-FAMILY;24.14
63;h_re;W/m2K;D;<1975;MULTI-FAMILY;4.14
63;C_m,int;J/m2K;D;<1975;MULTI-FAMILY;10000
63;C_vol,air;J/m3K;D;<1975;MULTI-FAMILY;1211.224
63;q_ve;m3/s;D;<1975;MULTI-FAMILY;8.33E-005
63;f_hc;-;D;<1975;MULTI-FAMILY;0.4
63;f_int;-;D;<1975;MULTI-FAMILY;0.4
63;f_sol;-;D;<1975;MULTI-FAMILY;0.1
63;F_sh;-;D;<1975;MULTI-FAMILY;1
63;F_w;-;D;<1975;MULTI-FAMILY;0.9
63;F_fr;-;D;<1975;MULTI-FAMILY;0.25
63;A_tot;m2;D;<1975;MULTI-FAMILY;968
63;ΣA_eli*h_ci,eli;W/K;D;<1975;MULTI-FAMILY;2712
63;V_tot;m3;D;<1975;MULTI-FAMILY;1920
63;A_floor;m2;D;<1975;MULTI-FAMILY;640
63;H_ve;W/K;D;<1975;MULTI-FAMILY;193.79584
63;H_tb;W/K;D;<1975;MULTI-FAMILY;428.2714286
63;gn;-;D;<1975;MULTI-FAMILY;0.85
64;h_se;W/m2K;D;<1975;APARTMENT-BLOCK;24.14
64;h_re;W/m2K;D;<1975;APARTMENT-BLOCK;4.14
64;C_m,int;J/m2K;D;<1975;APARTMENT-BLOCK;10000
64;C_vol,air;J/m3K;D;<1975;APARTMENT-BLOCK;1211.224
64;q_ve;m3/s;D;<1975;APARTMENT-BLOCK;8.33E-005
64;f_hc;-;D;<1975;APARTMENT-BLOCK;0.4
64;f_int;-;D;<1975;APARTMENT-BLOCK;0.4
64;f_sol;-;D;<1975;APARTMENT-BLOCK;0.1
64;F_sh;-;D;<1975;APARTMENT-BLOCK;1
64;F_w;-;D;<1975;APARTMENT-BLOCK;0.9
64;F_fr;-;D;<1975;APARTMENT-BLOCK;0.25
64;A_tot;m2;D;<1975;APARTMENT-BLOCK;1740
64;ΣA_eli*h_ci,eli;W/K;D;<1975;APARTMENT-BLOCK;4968
64;V_tot;m3;D;<1975;APARTMENT-BLOCK;4320
64;A_floor;m2;D;<1975;APARTMENT-BLOCK;1440
64;H_ve;W/K;D;<1975;APARTMENT-BLOCK;436.04064
64;H_tb;W/K;D;<1975;APARTMENT-BLOCK;795.3285714
64;gn;-;D;<1975;APARTMENT-BLOCK;0.85
65;h_se;W/m2K;D;1976-1990;SINGLE-FAMILY;24.14
65;h_re;W/m2K;D;1976-1990;SINGLE-FAMILY;4.14
65;C_m,int;J/m2K;D;1976-1990;SINGLE-FAMILY;10000
65;C_vol,air;J/m3K;D;1976-1990;SINGLE-FAMILY;1211.224
65;q_ve;m3/s;D;1976-1990;SINGLE-FAMILY;8.33E-005
65;f_hc;-;D;1976-1990;SINGLE-FAMILY;0.4
65;f_int;-;D;1976-1990;SINGLE-FAMILY;0.4
65;f_sol;-;D;1976-1990;SINGLE-FAMILY;0.1
65;F_sh;-;D;1976-1990;SINGLE-FAMILY;1
65;F_w;-;D;1976-1990;SINGLE-FAMILY;0.9
65;F_fr;-;D;1976-1990;SINGLE-FAMILY;0.25
65;A_tot;m2;D;1976-1990;SINGLE-FAMILY;390.15
65;ΣA_eli*h_ci,eli;W/K;D;1976-1990;SINGLE-FAMILY;1062.45
65;V_tot;m3;D;1976-1990;SINGLE-FAMILY;486
65;A_floor;m2;D;1976-1990;SINGLE-FAMILY;162
65;H_ve;W/K;D;1976-1990;SINGLE-FAMILY;49.054572
65;H_tb;W/K;D;1976-1990;SINGLE-FAMILY;89.61285714
65;gn;-;D;1976-1990;SINGLE-FAMILY;0.75
66;h_se;W/m2K;D;1976-1990;DOUBLE-FAMILY;24.14
66;h_re;W/m2K;D;1976-1990;DOUBLE-FAMILY;4.14
66;C_m,int;J/m2K;D;1976-1990;DOUBLE-FAMILY;10000
66;C_vol,air;J/m3K;D;1976-1990;DOUBLE-FAMILY;1211.224
66;q_ve;m3/s;D;1976-1990;DOUBLE-FAMILY;8.33E-005
66;f_hc;-;D;1976-1990;DOUBLE-FAMILY;0.4
66;f_int;-;D;1976-1990;DOUBLE-FAMILY;0.4
66;f_sol;-;D;1976-1990;DOUBLE-FAMILY;0.1
66;F_sh;-;D;1976-1990;DOUBLE-FAMILY;1
66;F_w;-;D;1976-1990;DOUBLE-FAMILY;0.9
66;F_fr;-;D;1976-1990;DOUBLE-FAMILY;0.25
66;A_tot;m2;D;1976-1990;DOUBLE-FAMILY;524.15
66;ΣA_eli*h_ci,eli;W/K;D;1976-1990;DOUBLE-FAMILY;1440.45
66;V_tot;m3;D;1976-1990;DOUBLE-FAMILY;726
66;A_floor;m2;D;1976-1990;DOUBLE-FAMILY;242
66;H_ve;W/K;D;1976-1990;DOUBLE-FAMILY;73.279052
66;H_tb;W/K;D;1976-1990;DOUBLE-FAMILY;102.1157143
66;gn;-;D;1976-1990;DOUBLE-FAMILY;0.75
67;h_se;W/m2K;D;1976-1990;MULTI-FAMILY;24.14
67;h_re;W/m2K;D;1976-1990;MULTI-FAMILY;4.14
67;C_m,int;J/m2K;D;1976-1990;MULTI-FAMILY;10000
67;C_vol,air;J/m3K;D;1976-1990;MULTI-FAMILY;1211.224
67;q_ve;m3/s;D;1976-1990;MULTI-FAMILY;8.33E-005
67;f_hc;-;D;1976-1990;MULTI-FAMILY;0.4
67;f_int;-;D;1976-1990;MULTI-FAMILY;0.4
67;f_sol;-;D;1976-1990;MULTI-FAMILY;0.1
67;F_sh;-;D;1976-1990;MULTI-FAMILY;1
67;F_w;-;D;1976-1990;MULTI-FAMILY;0.9
67;F_fr;-;D;1976-1990;MULTI-FAMILY;0.25
67;A_tot;m2;D;1976-1990;MULTI-FAMILY;968
67;ΣA_eli*h_ci,eli;W/K;D;1976-1990;MULTI-FAMILY;2712
67;V_tot;m3;D;1976-1990;MULTI-FAMILY;1920
67;A_floor;m2;D;1976-1990;MULTI-FAMILY;640
67;H_ve;W/K;D;1976-1990;MULTI-FAMILY;193.79584
67;H_tb;W/K;D;1976-1990;MULTI-FAMILY;259.3871429
67;gn;-;D;1976-1990;MULTI-FAMILY;0.75
68;h_se;W/m2K;D;1976-1990;APARTMENT-BLOCK;24.14
68;h_re;W/m2K;D;1976-1990;APARTMENT-BLOCK;4.14
68;C_m,int;J/m2K;D;1976-1990;APARTMENT-BLOCK;10000
68;C_vol,air;J/m3K;D;1976-1990;APARTMENT-BLOCK;1211.224
68;q_ve;m3/s;D;1976-1990;APARTMENT-BLOCK;8.33E-005
68;f_hc;-;D;1976-1990;APARTMENT-BLOCK;0.4
68;f_int;-;D;1976-1990;APARTMENT-BLOCK;0.4
68;f_sol;-;D;1976-1990;APARTMENT-BLOCK;0.1
68;F_sh;-;D;1976-1990;APARTMENT-BLOCK;1
68;F_w;-;D;1976-1990;APARTMENT-BLOCK;0.9
68;F_fr;-;D;1976-1990;APARTMENT-BLOCK;0.25
68;A_tot;m2;D;1976-1990;APARTMENT-BLOCK;1740
68;ΣA_eli*h_ci,eli;W/K;D;1976-1990;APARTMENT-BLOCK;4968
68;V_tot;m3;D;1976-1990;APARTMENT-BLOCK;4320
68;A_floor;m2;D;1976-1990;APARTMENT-BLOCK;1440
68;H_ve;W/K;D;1976-1990;APARTMENT-BLOCK;436.04064
68;H_tb;W/K;D;1976-1990;APARTMENT-BLOCK;443.9728571
68;gn;-;D;1976-1990;APARTMENT-BLOCK;0.75
69;h_se;W/m2K;D;1991-2005;SINGLE-FAMILY;24.14
69;h_re;W/m2K;D;1991-2005;SINGLE-FAMILY;4.14
69;C_m,int;J/m2K;D;1991-2005;SINGLE-FAMILY;10000
69;C_vol,air;J/m3K;D;1991-2005;SINGLE-FAMILY;1293.778571
69;q_ve;m3/s;D;1991-2005;SINGLE-FAMILY;8.33E-005
69;f_hc;-;D;1991-2005;SINGLE-FAMILY;0.4
69;f_int;-;D;1991-2005;SINGLE-FAMILY;0.4
69;f_sol;-;D;1991-2005;SINGLE-FAMILY;0.1
69;F_sh;-;D;1991-2005;SINGLE-FAMILY;1
69;F_w;-;D;1991-2005;SINGLE-FAMILY;0.9
69;F_fr;-;D;1991-2005;SINGLE-FAMILY;0.25
69;A_tot;m2;D;1991-2005;SINGLE-FAMILY;390.15
69;ΣA_eli*h_ci,eli;W/K;D;1991-2005;SINGLE-FAMILY;1062.45
69;V_tot;m3;D;1991-2005;SINGLE-FAMILY;486
69;A_floor;m2;D;1991-2005;SINGLE-FAMILY;162
69;H_ve;W/K;D;1991-2005;SINGLE-FAMILY;49.054572
69;H_tb;W/K;D;1991-2005;SINGLE-FAMILY;89.61285714
69;gn;-;D;1991-2005;SINGLE-FAMILY;0.75
70;h_se;W/m2K;D;1991-2005;DOUBLE-FAMILY;24.14
70;h_re;W/m2K;D;1991-2005;DOUBLE-FAMILY;4.14
70;C_m,int;J/m2K;D;1991-2005;DOUBLE-FAMILY;10000
70;C_vol,air;J/m3K;D;1991-2005;DOUBLE-FAMILY;1211.224
70;q_ve;m3/s;D;1991-2005;DOUBLE-FAMILY;8.33E-005
70;f_hc;-;D;1991-2005;DOUBLE-FAMILY;0.4
70;f_int;-;D;1991-2005;DOUBLE-FAMILY;0.4
70;f_sol;-;D;1991-2005;DOUBLE-FAMILY;0.1
70;F_sh;-;D;1991-2005;DOUBLE-FAMILY;1
70;F_w;-;D;1991-2005;DOUBLE-FAMILY;0.9
70;F_fr;-;D;1991-2005;DOUBLE-FAMILY;0.25
70;A_tot;m2;D;1991-2005;DOUBLE-FAMILY;524.15
70;ΣA_eli*h_ci,eli;W/K;D;1991-2005;DOUBLE-FAMILY;1440.45
70;V_tot;m3;D;1991-2005;DOUBLE-FAMILY;726
70;A_floor;m2;D;1991-2005;DOUBLE-FAMILY;242
70;H_ve;W/K;D;1991-2005;DOUBLE-FAMILY;73.279052
70;H_tb;W/K;D;1991-2005;DOUBLE-FAMILY;102.1157143
70;gn;-;D;1991-2005;DOUBLE-FAMILY;0.75
71;h_se;W/m2K;D;1991-2005;MULTI-FAMILY;24.14
71;h_re;W/m2K;D;1991-2005;MULTI-FAMILY;4.14
71;C_m,int;J/m2K;D;1991-2005;MULTI-FAMILY;10000
71;C_vol,air;J/m3K;D;1991-2005;MULTI-FAMILY;1211.224
71;q_ve;m3/s;D;1991-2005;MULTI-FAMILY;8.33E-005
71;f_hc;-;D;1991-2005;MULTI-FAMILY;0.4
71;f_int;-;D;1991-2005;MULTI-FAMILY;0.4
71;f_sol;-;D;1991-2005;MULTI-FAMILY;0.1
71;F_sh;-;D;1991-2005;MULTI-FAMILY;1
71;F_w;-;D;1991-2005;MULTI-FAMILY;0.9
71;F_fr;-;D;1991-2005;MULTI-FAMILY;0.25
71;A_tot;m2;D;1991-2005;MULTI-FAMILY;968
71;ΣA_eli*h_ci,eli;W/K;D;1991-2005;MULTI-FAMILY;2712
71;V_tot;m3;D;1991-2005;MULTI-FAMILY;1920
71;A_floor;m2;D;1991-2005;MULTI-FAMILY;640
71;H_ve;W/K;D;1991-2005;MULTI-FAMILY;193.79584
71;H_tb;W/K;D;1991-2005;MULTI-FAMILY;259.3871429
71;gn;-;D;1991-2005;MULTI-FAMILY;0.75
72;h_se;W/m2K;D;1991-2005;APARTMENT-BLOCK;24.14
72;h_re;W/m2K;D;1991-2005;APARTMENT-BLOCK;4.14
72;C_m,int;J/m2K;D;1991-2005;APARTMENT-BLOCK;10000
72;C_vol,air;J/m3K;D;1991-2005;APARTMENT-BLOCK;1211.224
72;q_ve;m3/s;D;1991-2005;APARTMENT-BLOCK;8.33E-005
72;f_hc;-;D;1991-2005;APARTMENT-BLOCK;0.4
72;f_int;-;D;1991-2005;APARTMENT-BLOCK;0.4
72;f_sol;-;D;1991-2005;APARTMENT-BLOCK;0.1
72;F_sh;-;D;1991-2005;APARTMENT-BLOCK;1
72;F_w;-;D;1991-2005;APARTMENT-BLOCK;0.9
72;F_fr;-;D;1991-2005;APARTMENT-BLOCK;0.25
72;A_tot;m2;D;1991-2005;APARTMENT-BLOCK;1740
72;ΣA_eli*h_ci,eli;W/K;D;1991-2005;APARTMENT-BLOCK;4968
72;V_tot;m3;D;1991-2005;APARTMENT-BLOCK;4320
72;A_floor;m2;D;1991-2005;APARTMENT-BLOCK;1440
72;H_ve;W/K;D;1991-2005;APARTMENT-BLOCK;436.04064
72;H_tb;W/K;D;1991-2005;APARTMENT-BLOCK;443.9728571
72;gn;-;D;1991-2005;APARTMENT-BLOCK;0.75
73;h_se;W/m2K;D;2006-2011;SINGLE-FAMILY;24.14
73;h_re;W/m2K;D;2006-2011;SINGLE-FAMILY;4.14
73;C_m,int;J/m2K;D;2006-2011;SINGLE-FAMILY;10000
73;C_vol,air;J/m3K;D;2006-2011;SINGLE-FAMILY;1211.224
73;q_ve;m3/s;D;2006-2011;SINGLE-FAMILY;8.33E-005
73;f_hc;-;D;2006-2011;SINGLE-FAMILY;0.4
73;f_int;-;D;2006-2011;SINGLE-FAMILY;0.4
73;f_sol;-;D;2006-2011;SINGLE-FAMILY;0.1
73;F_sh;-;D;2006-2011;SINGLE-FAMILY;1
73;F_w;-;D;2006-2011;SINGLE-FAMILY;0.9
73;F_fr;-;D;2006-2011;SINGLE-FAMILY;0.25
73;A_tot;m2;D;2006-2011;SINGLE-FAMILY;390.15
73;ΣA_eli*h_ci,eli;W/K;D;2006-2011;SINGLE-FAMILY;1062.45
73;V_tot;m3;D;2006-2011;SINGLE-FAMILY;486
73;A_floor;m2;D;2006-2011;SINGLE-FAMILY;162
73;H_ve;W/K;D;2006-2011;SINGLE-FAMILY;49.054572
73;H_tb;W/K;D;2006-2011;SINGLE-FAMILY;35.9164125
73;gn;-;D;2006-2011;SINGLE-FAMILY;0.67
74;h_se;W/m2K;D;2006-2011;DOUBLE-FAMILY;24.14
74;h_re;W/m2K;D;2006-2011;DOUBLE-FAMILY;4.14
74;C_m,int;J/m2K;D;2006-2011;DOUBLE-FAMILY;10000
74;C_vol,air;J/m3K;D;2006-2011;DOUBLE-FAMILY;1211.224
74;q_ve;m3/s;D;2006-2011;DOUBLE-FAMILY;8.33E-005
74;f_hc;-;D;2006-2011;DOUBLE-FAMILY;0.4
74;f_int;-;D;2006-2011;DOUBLE-FAMILY;0.4
74;f_sol;-;D;2006-2011;DOUBLE-FAMILY;0.1
74;F_sh;-;D;2006-2011;DOUBLE-FAMILY;1
74;F_w;-;D;2006-2011;DOUBLE-FAMILY;0.9
74;F_fr;-;D;2006-2011;DOUBLE-FAMILY;0.25
74;A_tot;m2;D;2006-2011;DOUBLE-FAMILY;524.15
74;ΣA_eli*h_ci,eli;W/K;D;2006-2011;DOUBLE-FAMILY;1440.45
74;V_tot;m3;D;2006-2011;DOUBLE-FAMILY;726
74;A_floor;m2;D;2006-2011;DOUBLE-FAMILY;242
74;H_ve;W/K;D;2006-2011;DOUBLE-FAMILY;73.279052
74;H_tb;W/K;D;2006-2011;DOUBLE-FAMILY;46.1773125
74;gn;-;D;2006-2011;DOUBLE-FAMILY;0.67
75;h_se;W/m2K;D;2006-2011;MULTI-FAMILY;24.14
75;h_re;W/m2K;D;2006-2011;MULTI-FAMILY;4.14
75;C_m,int;J/m2K;D;2006-2011;MULTI-FAMILY;10000
75;C_vol,air;J/m3K;D;2006-2011;MULTI-FAMILY;1211.224
75;q_ve;m3/s;D;2006-2011;MULTI-FAMILY;8.33E-005
75;f_hc;-;D;2006-2011;MULTI-FAMILY;0.4
75;f_int;-;D;2006-2011;MULTI-FAMILY;0.4
75;f_sol;-;D;2006-2011;MULTI-FAMILY;0.1
75;F_sh;-;D;2006-2011;MULTI-FAMILY;1
75;F_w;-;D;2006-2011;MULTI-FAMILY;0.9
75;F_fr;-;D;2006-2011;MULTI-FAMILY;0.25
75;A_tot;m2;D;2006-2011;MULTI-FAMILY;968
75;ΣA_eli*h_ci,eli;W/K;D;2006-2011;MULTI-FAMILY;2712
75;V_tot;m3;D;2006-2011;MULTI-FAMILY;1920
75;A_floor;m2;D;2006-2011;MULTI-FAMILY;640
75;H_ve;W/K;D;2006-2011;MULTI-FAMILY;193.79584
75;H_tb;W/K;D;2006-2011;MULTI-FAMILY;96.0912
75;gn;-;D;2006-2011;MULTI-FAMILY;0.67
76;h_se;W/m2K;D;2006-2011;APARTMENT-BLOCK;24.14
76;h_re;W/m2K;D;2006-2011;APARTMENT-BLOCK;4.14
76;C_m,int;J/m2K;D;2006-2011;APARTMENT-BLOCK;10000
76;C_vol,air;J/m3K;D;2006-2011;APARTMENT-BLOCK;1211.224
76;q_ve;m3/s;D;2006-2011;APARTMENT-BLOCK;8.33E-005
76;f_hc;-;D;2006-2011;APARTMENT-BLOCK;0.4
76;f_int;-;D;2006-2011;APARTMENT-BLOCK;0.4
76;f_sol;-;D;2006-2011;APARTMENT-BLOCK;0.1
76;F_sh;-;D;2006-2011;APARTMENT-BLOCK;1
76;F_w;-;D;2006-2011;APARTMENT-BLOCK;0.9
76;F_fr;-;D;2006-2011;APARTMENT-BLOCK;0.25
76;A_tot;m2;D;2006-2011;APARTMENT-BLOCK;1740
76;ΣA_eli*h_ci,eli;W/K;D;2006-2011;APARTMENT-BLOCK;4968
76;V_tot;m3;D;2006-2011;APARTMENT-BLOCK;4320
76;A_floor;m2;D;2006-2011;APARTMENT-BLOCK;1440
76;H_ve;W/K;D;2006-2011;APARTMENT-BLOCK;436.04064
76;H_tb;W/K;D;2006-2011;APARTMENT-BLOCK;180.8352
76;gn;-;D;2006-2011;APARTMENT-BLOCK;0.67
77;h_se;W/m2K;D;NZEB;SINGLE-FAMILY;24.14
77;h_re;W/m2K;D;NZEB;SINGLE-FAMILY;4.14
77;C_m,int;J/m2K;D;NZEB;SINGLE-FAMILY;10000
77;C_vol,air;J/m3K;D;NZEB;SINGLE-FAMILY;1211.224
77;q_ve;m3/s;D;NZEB;SINGLE-FAMILY;8.33E-005
77;f_hc;-;D;NZEB;SINGLE-FAMILY;0.4
77;f_int;-;D;NZEB;SINGLE-FAMILY;0.4
77;f_sol;-;D;NZEB;SINGLE-FAMILY;0.1
77;F_sh;-;D;NZEB;SINGLE-FAMILY;1
77;F_w;-;D;NZEB;SINGLE-FAMILY;0.9
77;F_fr;-;D;NZEB;SINGLE-FAMILY;0.25
77;A_tot;m2;D;NZEB;SINGLE-FAMILY;390.15
77;ΣA_eli*h_ci,eli;W/K;D;NZEB;SINGLE-FAMILY;1062.45
77;V_tot;m3;D;NZEB;SINGLE-FAMILY;486
77;A_floor;m2;D;NZEB;SINGLE-FAMILY;162
77;H_ve;W/K;D;NZEB;SINGLE-FAMILY;49.054572
77;H_tb;W/K;D;NZEB;SINGLE-FAMILY;21.6
77;gn;-;D;NZEB;SINGLE-FAMILY;0.35
78;h_se;W/m2K;D;NZEB;DOUBLE-FAMILY;24.14
78;h_re;W/m2K;D;NZEB;DOUBLE-FAMILY;4.14
78;C_m,int;J/m2K;D;NZEB;DOUBLE-FAMILY;10000
78;C_vol,air;J/m3K;D;NZEB;DOUBLE-FAMILY;1211.224
78;q_ve;m3/s;D;NZEB;DOUBLE-FAMILY;8.33E-005
78;f_hc;-;D;NZEB;DOUBLE-FAMILY;0.4
78;f_int;-;D;NZEB;DOUBLE-FAMILY;0.4
78;f_sol;-;D;NZEB;DOUBLE-FAMILY;0.1
78;F_sh;-;D;NZEB;DOUBLE-FAMILY;1
78;F_w;-;D;NZEB;DOUBLE-FAMILY;0.9
78;F_fr;-;D;NZEB;DOUBLE-FAMILY;0.25
78;A_tot;m2;D;NZEB;DOUBLE-FAMILY;524.15
78;ΣA_eli*h_ci,eli;W/K;D;NZEB;DOUBLE-FAMILY;1440.45
78;V_tot;m3;D;NZEB;DOUBLE-FAMILY;726
78;A_floor;m2;D;NZEB;DOUBLE-FAMILY;242
78;H_ve;W/K;D;NZEB;DOUBLE-FAMILY;73.279052
78;H_tb;W/K;D;NZEB;DOUBLE-FAMILY;0
78;gn;-;D;NZEB;DOUBLE-FAMILY;0.35
79;h_se;W/m2K;D;NZEB;MULTI-FAMILY;24.14
79;h_re;W/m2K;D;NZEB;MULTI-FAMILY;4.14
79;C_m,int;J/m2K;D;NZEB;MULTI-FAMILY;10000
79;C_vol,air;J/m3K;D;NZEB;MULTI-FAMILY;1211.224
79;q_ve;m3/s;D;NZEB;MULTI-FAMILY;8.33E-005
79;f_hc;-;D;NZEB;MULTI-FAMILY;0.4
79;f_int;-;D;NZEB;MULTI-FAMILY;0.4
79;f_sol;-;D;NZEB;MULTI-FAMILY;0.1
79;F_sh;-;D;NZEB;MULTI-FAMILY;1
79;F_w;-;D;NZEB;MULTI-FAMILY;0.9
79;F_fr;-;D;NZEB;MULTI-FAMILY;0.25
79;A_tot;m2;D;NZEB;MULTI-FAMILY;968
79;ΣA_eli*h_ci,eli;W/K;D;NZEB;MULTI-FAMILY;2712
79;V_tot;m3;D;NZEB;MULTI-FAMILY;1920
79;A_floor;m2;D;NZEB;MULTI-FAMILY;640
79;H_ve;W/K;D;NZEB;MULTI-FAMILY;193.79584
79;H_tb;W/K;D;NZEB;MULTI-FAMILY;0
79;gn;-;D;NZEB;MULTI-FAMILY;0.35
80;h_se;W/m2K;D;NZEB;APARTMENT-BLOCK;24.14
80;h_re;W/m2K;D;NZEB;APARTMENT-BLOCK;4.14
80;C_m,int;J/m2K;D;NZEB;APARTMENT-BLOCK;10000
80;C_vol,air;J/m3K;D;NZEB;APARTMENT-BLOCK;1211.224
80;q_ve;m3/s;D;NZEB;APARTMENT-BLOCK;8.33E-005
80;f_hc;-;D;NZEB;APARTMENT-BLOCK;0.4
80;f_int;-;D;NZEB;APARTMENT-BLOCK;0.4
80;f_sol;-;D;NZEB;APARTMENT-BLOCK;0.1
80;F_sh;-;D;NZEB;APARTMENT-BLOCK;1
80;F_w;-;D;NZEB;APARTMENT-BLOCK;0.9
80;F_fr;-;D;NZEB;APARTMENT-BLOCK;0.25
80;A_tot;m2;D;NZEB;APARTMENT-BLOCK;1740
80;ΣA_eli*h_ci,eli;W/K;D;NZEB;APARTMENT-BLOCK;4968
80;V_tot;m3;D;NZEB;APARTMENT-BLOCK;4320
80;A_floor;m2;D;NZEB;APARTMENT-BLOCK;1440
80;H_ve;W/K;D;NZEB;APARTMENT-BLOCK;436.04064
80;H_tb;W/K;D;NZEB;APARTMENT-BLOCK;0
80;gn;-;D;NZEB;APARTMENT-BLOCK;0.35
81;h_se;W/m2K;E;<1975;SINGLE-FAMILY;24.14
81;h_re;W/m2K;E;<1975;SINGLE-FAMILY;4.14
81;C_m,int;J/m2K;E;<1975;SINGLE-FAMILY;10000
81;C_vol,air;J/m3K;E;<1975;SINGLE-FAMILY;1211.224
81;q_ve;m3/s;E;<1975;SINGLE-FAMILY;8.33E-005
81;f_hc;-;E;<1975;SINGLE-FAMILY;0.4
81;f_int;-;E;<1975;SINGLE-FAMILY;0.4
81;f_sol;-;E;<1975;SINGLE-FAMILY;0.1
81;F_sh;-;E;<1975;SINGLE-FAMILY;1
81;F_w;-;E;<1975;SINGLE-FAMILY;0.9
81;F_fr;-;E;<1975;SINGLE-FAMILY;0.25
81;A_tot;m2;E;<1975;SINGLE-FAMILY;390.15
81;ΣA_eli*h_ci,eli;W/K;E;<1975;SINGLE-FAMILY;1062.45
81;V_tot;m3;E;<1975;SINGLE-FAMILY;486
81;A_floor;m2;E;<1975;SINGLE-FAMILY;162
81;H_ve;W/K;E;<1975;SINGLE-FAMILY;49.054572
81;H_tb;W/K;E;<1975;SINGLE-FAMILY;170.9285714
81;gn;-;E;<1975;SINGLE-FAMILY;0.85
82;h_se;W/m2K;E;<1975;DOUBLE-FAMILY;24.14
82;h_re;W/m2K;E;<1975;DOUBLE-FAMILY;4.14
82;C_m,int;J/m2K;E;<1975;DOUBLE-FAMILY;10000
82;C_vol,air;J/m3K;E;<1975;DOUBLE-FAMILY;1211.224
82;q_ve;m3/s;E;<1975;DOUBLE-FAMILY;8.33E-005
82;f_hc;-;E;<1975;DOUBLE-FAMILY;0.4
82;f_int;-;E;<1975;DOUBLE-FAMILY;0.4
82;f_sol;-;E;<1975;DOUBLE-FAMILY;0.1
82;F_sh;-;E;<1975;DOUBLE-FAMILY;1
82;F_w;-;E;<1975;DOUBLE-FAMILY;0.9
82;F_fr;-;E;<1975;DOUBLE-FAMILY;0.25
82;A_tot;m2;E;<1975;DOUBLE-FAMILY;524.15
82;ΣA_eli*h_ci,eli;W/K;E;<1975;DOUBLE-FAMILY;1440.45
82;V_tot;m3;E;<1975;DOUBLE-FAMILY;726
82;A_floor;m2;E;<1975;DOUBLE-FAMILY;242
82;H_ve;W/K;E;<1975;DOUBLE-FAMILY;73.279052
82;H_tb;W/K;E;<1975;DOUBLE-FAMILY;207.9571429
82;gn;-;E;<1975;DOUBLE-FAMILY;0.85
83;h_se;W/m2K;E;<1975;MULTI-FAMILY;24.14
83;h_re;W/m2K;E;<1975;MULTI-FAMILY;4.14
83;C_m,int;J/m2K;E;<1975;MULTI-FAMILY;10000
83;C_vol,air;J/m3K;E;<1975;MULTI-FAMILY;1211.224
83;q_ve;m3/s;E;<1975;MULTI-FAMILY;8.33E-005
83;f_hc;-;E;<1975;MULTI-FAMILY;0.4
83;f_int;-;E;<1975;MULTI-FAMILY;0.4
83;f_sol;-;E;<1975;MULTI-FAMILY;0.1
83;F_sh;-;E;<1975;MULTI-FAMILY;1
83;F_w;-;E;<1975;MULTI-FAMILY;0.9
83;F_fr;-;E;<1975;MULTI-FAMILY;0.25
83;A_tot;m2;E;<1975;MULTI-FAMILY;968
83;ΣA_eli*h_ci,eli;W/K;E;<1975;MULTI-FAMILY;2712
83;V_tot;m3;E;<1975;MULTI-FAMILY;1920
83;A_floor;m2;E;<1975;MULTI-FAMILY;640
83;H_ve;W/K;E;<1975;MULTI-FAMILY;193.79584
83;H_tb;W/K;E;<1975;MULTI-FAMILY;428.2714286
83;gn;-;E;<1975;MULTI-FAMILY;0.85
84;h_se;W/m2K;E;<1975;APARTMENT-BLOCK;24.14
84;h_re;W/m2K;E;<1975;APARTMENT-BLOCK;4.14
84;C_m,int;J/m2K;E;<1975;APARTMENT-BLOCK;10000
84;C_vol,air;J/m3K;E;<1975;APARTMENT-BLOCK;1211.224
84;q_ve;m3/s;E;<1975;APARTMENT-BLOCK;8.33E-005
84;f_hc;-;E;<1975;APARTMENT-BLOCK;0.4
84;f_int;-;E;<1975;APARTMENT-BLOCK;0.4
84;f_sol;-;E;<1975;APARTMENT-BLOCK;0.1
84;F_sh;-;E;<1975;APARTMENT-BLOCK;1
84;F_w;-;E;<1975;APARTMENT-BLOCK;0.9
84;F_fr;-;E;<1975;APARTMENT-BLOCK;0.25
84;A_tot;m2;E;<1975;APARTMENT-BLOCK;1740
84;ΣA_eli*h_ci,eli;W/K;E;<1975;APARTMENT-BLOCK;4968
84;V_tot;m3;E;<1975;APARTMENT-BLOCK;4320
84;A_floor;m2;E;<1975;APARTMENT-BLOCK;1440
84;H_ve;W/K;E;<1975;APARTMENT-BLOCK;436.04064
84;H_tb;W/K;E;<1975;APARTMENT-BLOCK;795.3285714
84;gn;-;E;<1975;APARTMENT-BLOCK;0.85
85;h_se;W/m2K;E;1976-1990;SINGLE-FAMILY;24.14
85;h_re;W/m2K;E;1976-1990;SINGLE-FAMILY;4.14
85;C_m,int;J/m2K;E;1976-1990;SINGLE-FAMILY;10000
85;C_vol,air;J/m3K;E;1976-1990;SINGLE-FAMILY;1211.224
85;q_ve;m3/s;E;1976-1990;SINGLE-FAMILY;8.33E-005
85;f_hc;-;E;1976-1990;SINGLE-FAMILY;0.4
85;f_int;-;E;1976-1990;SINGLE-FAMILY;0.4
85;f_sol;-;E;1976-1990;SINGLE-FAMILY;0.1
85;F_sh;-;E;1976-1990;SINGLE-FAMILY;1
85;F_w;-;E;1976-1990;SINGLE-FAMILY;0.9
85;F_fr;-;E;1976-1990;SINGLE-FAMILY;0.25
85;A_tot;m2;E;1976-1990;SINGLE-FAMILY;390.15
85;ΣA_eli*h_ci,eli;W/K;E;1976-1990;SINGLE-FAMILY;1062.45
85;V_tot;m3;E;1976-1990;SINGLE-FAMILY;486
85;A_floor;m2;E;1976-1990;SINGLE-FAMILY;162
85;H_ve;W/K;E;1976-1990;SINGLE-FAMILY;49.054572
85;H_tb;W/K;E;1976-1990;SINGLE-FAMILY;89.61285714
85;gn;-;E;1976-1990;SINGLE-FAMILY;0.75
86;h_se;W/m2K;E;1976-1990;DOUBLE-FAMILY;24.14
86;h_re;W/m2K;E;1976-1990;DOUBLE-FAMILY;4.14
86;C_m,int;J/m2K;E;1976-1990;DOUBLE-FAMILY;10000
86;C_vol,air;J/m3K;E;1976-1990;DOUBLE-FAMILY;1211.224
86;q_ve;m3/s;E;1976-1990;DOUBLE-FAMILY;8.33E-005
86;f_hc;-;E;1976-1990;DOUBLE-FAMILY;0.4
86;f_int;-;E;1976-1990;DOUBLE-FAMILY;0.4
86;f_sol;-;E;1976-1990;DOUBLE-FAMILY;0.1
86;F_sh;-;E;1976-1990;DOUBLE-FAMILY;1
86;F_w;-;E;1976-1990;DOUBLE-FAMILY;0.9
86;F_fr;-;E;1976-1990;DOUBLE-FAMILY;0.25
86;A_tot;m2;E;1976-1990;DOUBLE-FAMILY;524.15
86;ΣA_eli*h_ci,eli;W/K;E;1976-1990;DOUBLE-FAMILY;1440.45
86;V_tot;m3;E;1976-1990;DOUBLE-FAMILY;726
86;A_floor;m2;E;1976-1990;DOUBLE-FAMILY;242
86;H_ve;W/K;E;1976-1990;DOUBLE-FAMILY;73.279052
86;H_tb;W/K;E;1976-1990;DOUBLE-FAMILY;102.1157143
86;gn;-;E;1976-1990;DOUBLE-FAMILY;0.75
87;h_se;W/m2K;E;1976-1990;MULTI-FAMILY;24.14
87;h_re;W/m2K;E;1976-1990;MULTI-FAMILY;4.14
87;C_m,int;J/m2K;E;1976-1990;MULTI-FAMILY;10000
87;C_vol,air;J/m3K;E;1976-1990;MULTI-FAMILY;1211.224
87;q_ve;m3/s;E;1976-1990;MULTI-FAMILY;8.33E-005
87;f_hc;-;E;1976-1990;MULTI-FAMILY;0.4
87;f_int;-;E;1976-1990;MULTI-FAMILY;0.4
87;f_sol;-;E;1976-1990;MULTI-FAMILY;0.1
87;F_sh;-;E;1976-1990;MULTI-FAMILY;1
87;F_w;-;E;1976-1990;MULTI-FAMILY;0.9
87;F_fr;-;E;1976-1990;MULTI-FAMILY;0.25
87;A_tot;m2;E;1976-1990;MULTI-FAMILY;968
87;ΣA_eli*h_ci,eli;W/K;E;1976-1990;MULTI-FAMILY;2712
87;V_tot;m3;E;1976-1990;MULTI-FAMILY;1920
87;A_floor;m2;E;1976-1990;MULTI-FAMILY;640
87;H_ve;W/K;E;1976-1990;MULTI-FAMILY;193.79584
87;H_tb;W/K;E;1976-1990;MULTI-FAMILY;259.3871429
87;gn;-;E;1976-1990;MULTI-FAMILY;0.75
88;h_se;W/m2K;E;1976-1990;APARTMENT-BLOCK;24.14
88;h_re;W/m2K;E;1976-1990;APARTMENT-BLOCK;4.14
88;C_m,int;J/m2K;E;1976-1990;APARTMENT-BLOCK;10000
88;C_vol,air;J/m3K;E;1976-1990;APARTMENT-BLOCK;1211.224
88;q_ve;m3/s;E;1976-1990;APARTMENT-BLOCK;8.33E-005
88;f_hc;-;E;1976-1990;APARTMENT-BLOCK;0.4
88;f_int;-;E;1976-1990;APARTMENT-BLOCK;0.4
88;f_sol;-;E;1976-1990;APARTMENT-BLOCK;0.1
88;F_sh;-;E;1976-1990;APARTMENT-BLOCK;1
88;F_w;-;E;1976-1990;APARTMENT-BLOCK;0.9
88;F_fr;-;E;1976-1990;APARTMENT-BLOCK;0.25
88;A_tot;m2;E;1976-1990;APARTMENT-BLOCK;1740
88;ΣA_eli*h_ci,eli;W/K;E;1976-1990;APARTMENT-BLOCK;4968
88;V_tot;m3;E;1976-1990;APARTMENT-BLOCK;4320
88;A_floor;m2;E;1976-1990;APARTMENT-BLOCK;1440
88;H_ve;W/K;E;1976-1990;APARTMENT-BLOCK;436.04064
88;H_tb;W/K;E;1976-1990;APARTMENT-BLOCK;443.9728571
88;gn;-;E;1976-1990;APARTMENT-BLOCK;0.75
89;h_se;W/m2K;E;1991-2005;SINGLE-FAMILY;24.14
89;h_re;W/m2K;E;1991-2005;SINGLE-FAMILY;4.14
89;C_m,int;J/m2K;E;1991-2005;SINGLE-FAMILY;10000
89;C_vol,air;J/m3K;E;1991-2005;SINGLE-FAMILY;1293.778571
89;q_ve;m3/s;E;1991-2005;SINGLE-FAMILY;8.33E-005
89;f_hc;-;E;1991-2005;SINGLE-FAMILY;0.4
89;f_int;-;E;1991-2005;SINGLE-FAMILY;0.4
89;f_sol;-;E;1991-2005;SINGLE-FAMILY;0.1
89;F_sh;-;E;1991-2005;SINGLE-FAMILY;1
89;F_w;-;E;1991-2005;SINGLE-FAMILY;0.9
89;F_fr;-;E;1991-2005;SINGLE-FAMILY;0.25
89;A_tot;m2;E;1991-2005;SINGLE-FAMILY;390.15
89;ΣA_eli*h_ci,eli;W/K;E;1991-2005;SINGLE-FAMILY;1062.45
89;V_tot;m3;E;1991-2005;SINGLE-FAMILY;486
89;A_floor;m2;E;1991-2005;SINGLE-FAMILY;162
89;H_ve;W/K;E;1991-2005;SINGLE-FAMILY;49.054572
89;H_tb;W/K;E;1991-2005;SINGLE-FAMILY;89.61285714
89;gn;-;E;1991-2005;SINGLE-FAMILY;0.75
90;h_se;W/m2K;E;1991-2005;DOUBLE-FAMILY;24.14
90;h_re;W/m2K;E;1991-2005;DOUBLE-FAMILY;4.14
90;C_m,int;J/m2K;E;1991-2005;DOUBLE-FAMILY;10000
90;C_vol,air;J/m3K;E;1991-2005;DOUBLE-FAMILY;1211.224
90;q_ve;m3/s;E;1991-2005;DOUBLE-FAMILY;8.33E-005
90;f_hc;-;E;1991-2005;DOUBLE-FAMILY;0.4
90;f_int;-;E;1991-2005;DOUBLE-FAMILY;0.4
90;f_sol;-;E;1991-2005;DOUBLE-FAMILY;0.1
90;F_sh;-;E;1991-2005;DOUBLE-FAMILY;1
90;F_w;-;E;1991-2005;DOUBLE-FAMILY;0.9
90;F_fr;-;E;1991-2005;DOUBLE-FAMILY;0.25
90;A_tot;m2;E;1991-2005;DOUBLE-FAMILY;524.15
90;ΣA_eli*h_ci,eli;W/K;E;1991-2005;DOUBLE-FAMILY;1440.45
90;V_tot;m3;E;1991-2005;DOUBLE-FAMILY;726
90;A_floor;m2;E;1991-2005;DOUBLE-FAMILY;242
90;H_ve;W/K;E;1991-2005;DOUBLE-FAMILY;73.279052
90;H_tb;W/K;E;1991-2005;DOUBLE-FAMILY;102.1157143
90;gn;-;E;1991-2005;DOUBLE-FAMILY;0.75
91;h_se;W/m2K;E;1991-2005;MULTI-FAMILY;24.14
91;h_re;W/m2K;E;1991-2005;MULTI-FAMILY;4.14
91;C_m,int;J/m2K;E;1991-2005;MULTI-FAMILY;10000
91;C_vol,air;J/m3K;E;1991-2005;MULTI-FAMILY;1211.224
91;q_ve;m3/s;E;1991-2005;MULTI-FAMILY;8.33E-005
91;f_hc;-;E;1991-2005;MULTI-FAMILY;0.4
91;f_int;-;E;1991-2005;MULTI-FAMILY;0.4
91;f_sol;-;E;1991-2005;MULTI-FAMILY;0.1
91;F_sh;-;E;1991-2005;MULTI-FAMILY;1
91;F_w;-;E;1991-2005;MULTI-FAMILY;0.9
91;F_fr;-;E;1991-2005;MULTI-FAMILY;0.25
91;A_tot;m2;E;1991-2005;MULTI-FAMILY;968
91;ΣA_eli*h_ci,eli;W/K;E;1991-2005;MULTI-FAMILY;2712
91;V_tot;m3;E;1991-2005;MULTI-FAMILY;1920
91;A_floor;m2;E;1991-2005;MULTI-FAMILY;640
91;H_ve;W/K;E;1991-2005;MULTI-FAMILY;193.79584
91;H_tb;W/K;E;1991-2005;MULTI-FAMILY;259.3871429
91;gn;-;E;1991-2005;MULTI-FAMILY;0.75
92;h_se;W/m2K;E;1991-2005;APARTMENT-BLOCK;24.14
92;h_re;W/m2K;E;1991-2005;APARTMENT-BLOCK;4.14
92;C_m,int;J/m2K;E;1991-2005;APARTMENT-BLOCK;10000
92;C_vol,air;J/m3K;E;1991-2005;APARTMENT-BLOCK;1211.224
92;q_ve;m3/s;E;1991-2005;APARTMENT-BLOCK;8.33E-005
92;f_hc;-;E;1991-2005;APARTMENT-BLOCK;0.4
92;f_int;-;E;1991-2005;APARTMENT-BLOCK;0.4
92;f_sol;-;E;1991-2005;APARTMENT-BLOCK;0.1
92;F_sh;-;E;1991-2005;APARTMENT-BLOCK;1
92;F_w;-;E;1991-2005;APARTMENT-BLOCK;0.9
92;F_fr;-;E;1991-2005;APARTMENT-BLOCK;0.25
92;A_tot;m2;E;1991-2005;APARTMENT-BLOCK;1740
92;ΣA_eli*h_ci,eli;W/K;E;1991-2005;APARTMENT-BLOCK;4968
92;V_tot;m3;E;1991-2005;APARTMENT-BLOCK;4320
92;A_floor;m2;E;1991-2005;APARTMENT-BLOCK;1440
92;H_ve;W/K;E;1991-2005;APARTMENT-BLOCK;436.04064
92;H_tb;W/K;E;1991-2005;APARTMENT-BLOCK;443.9728571
92;gn;-;E;1991-2005;APARTMENT-BLOCK;0.75
93;h_se;W/m2K;E;2006-2011;SINGLE-FAMILY;24.14
93;h_re;W/m2K;E;2006-2011;SINGLE-FAMILY;4.14
93;C_m,int;J/m2K;E;2006-2011;SINGLE-FAMILY;10000
93;C_vol,air;J/m3K;E;2006-2011;SINGLE-FAMILY;1211.224
93;q_ve;m3/s;E;2006-2011;SINGLE-FAMILY;8.33E-005
93;f_hc;-;E;2006-2011;SINGLE-FAMILY;0.4
93;f_int;-;E;2006-2011;SINGLE-FAMILY;0.4
93;f_sol;-;E;2006-2011;SINGLE-FAMILY;0.1
93;F_sh;-;E;2006-2011;SINGLE-FAMILY;1
93;F_w;-;E;2006-2011;SINGLE-FAMILY;0.9
93;F_fr;-;E;2006-2011;SINGLE-FAMILY;0.25
93;A_tot;m2;E;2006-2011;SINGLE-FAMILY;390.15
93;ΣA_eli*h_ci,eli;W/K;E;2006-2011;SINGLE-FAMILY;1062.45
93;V_tot;m3;E;2006-2011;SINGLE-FAMILY;486
93;A_floor;m2;E;2006-2011;SINGLE-FAMILY;162
93;H_ve;W/K;E;2006-2011;SINGLE-FAMILY;49.054572
93;H_tb;W/K;E;2006-2011;SINGLE-FAMILY;35.9164125
93;gn;-;E;2006-2011;SINGLE-FAMILY;0.67
94;h_se;W/m2K;E;2006-2011;DOUBLE-FAMILY;24.14
94;h_re;W/m2K;E;2006-2011;DOUBLE-FAMILY;4.14
94;C_m,int;J/m2K;E;2006-2011;DOUBLE-FAMILY;10000
94;C_vol,air;J/m3K;E;2006-2011;DOUBLE-FAMILY;1211.224
94;q_ve;m3/s;E;2006-2011;DOUBLE-FAMILY;8.33E-005
94;f_hc;-;E;2006-2011;DOUBLE-FAMILY;0.4
94;f_int;-;E;2006-2011;DOUBLE-FAMILY;0.4
94;f_sol;-;E;2006-2011;DOUBLE-FAMILY;0.1
94;F_sh;-;E;2006-2011;DOUBLE-FAMILY;1
94;F_w;-;E;2006-2011;DOUBLE-FAMILY;0.9
94;F_fr;-;E;2006-2011;DOUBLE-FAMILY;0.25
94;A_tot;m2;E;2006-2011;DOUBLE-FAMILY;524.15
94;ΣA_eli*h_ci,eli;W/K;E;2006-2011;DOUBLE-FAMILY;1440.45
94;V_tot;m3;E;2006-2011;DOUBLE-FAMILY;726
94;A_floor;m2;E;2006-2011;DOUBLE-FAMILY;242
94;H_ve;W/K;E;2006-2011;DOUBLE-FAMILY;73.279052
94;H_tb;W/K;E;2006-2011;DOUBLE-FAMILY;46.1773125
94;gn;-;E;2006-2011;DOUBLE-FAMILY;0.67
95;h_se;W/m2K;E;2006-2011;MULTI-FAMILY;24.14
95;h_re;W/m2K;E;2006-2011;MULTI-FAMILY;4.14
95;C_m,int;J/m2K;E;2006-2011;MULTI-FAMILY;10000
95;C_vol,air;J/m3K;E;2006-2011;MULTI-FAMILY;1211.224
95;q_ve;m3/s;E;2006-2011;MULTI-FAMILY;8.33E-005
95;f_hc;-;E;2006-2011;MULTI-FAMILY;0.4
95;f_int;-;E;2006-2011;MULTI-FAMILY;0.4
95;f_sol;-;E;2006-2011;MULTI-FAMILY;0.1
95;F_sh;-;E;2006-2011;MULTI-FAMILY;1
95;F_w;-;E;2006-2011;MULTI-FAMILY;0.9
95;F_fr;-;E;2006-2011;MULTI-FAMILY;0.25
95;A_tot;m2;E;2006-2011;MULTI-FAMILY;968
95;ΣA_eli*h_ci,eli;W/K;E;2006-2011;MULTI-FAMILY;2712
95;V_tot;m3;E;2006-2011;MULTI-FAMILY;1920
95;A_floor;m2;E;2006-2011;MULTI-FAMILY;640
95;H_ve;W/K;E;2006-2011;MULTI-FAMILY;193.79584
95;H_tb;W/K;E;2006-2011;MULTI-FAMILY;96.0912
95;gn;-;E;2006-2011;MULTI-FAMILY;0.67
96;h_se;W/m2K;E;2006-2011;APARTMENT-BLOCK;24.14
96;h_re;W/m2K;E;2006-2011;APARTMENT-BLOCK;4.14
96;C_m,int;J/m2K;E;2006-2011;APARTMENT-BLOCK;10000
96;C_vol,air;J/m3K;E;2006-2011;APARTMENT-BLOCK;1211.224
96;q_ve;m3/s;E;2006-2011;APARTMENT-BLOCK;8.33E-005
96;f_hc;-;E;2006-2011;APARTMENT-BLOCK;0.4
96;f_int;-;E;2006-2011;APARTMENT-BLOCK;0.4
96;f_sol;-;E;2006-2011;APARTMENT-BLOCK;0.1
96;F_sh;-;E;2006-2011;APARTMENT-BLOCK;1
96;F_w;-;E;2006-2011;APARTMENT-BLOCK;0.9
96;F_fr;-;E;2006-2011;APARTMENT-BLOCK;0.25
96;A_tot;m2;E;2006-2011;APARTMENT-BLOCK;1740
96;ΣA_eli*h_ci,eli;W/K;E;2006-2011;APARTMENT-BLOCK;4968
96;V_tot;m3;E;2006-2011;APARTMENT-BLOCK;4320
96;A_floor;m2;E;2006-2011;APARTMENT-BLOCK;1440
96;H_ve;W/K;E;2006-2011;APARTMENT-BLOCK;436.04064
96;H_tb;W/K;E;2006-2011;APARTMENT-BLOCK;180.8352
96;gn;-;E;2006-2011;APARTMENT-BLOCK;0.67
97;h_se;W/m2K;E;NZEB;SINGLE-FAMILY;24.14
97;h_re;W/m2K;E;NZEB;SINGLE-FAMILY;4.14
97;C_m,int;J/m2K;E;NZEB;SINGLE-FAMILY;10000
97;C_vol,air;J/m3K;E;NZEB;SINGLE-FAMILY;1211.224
97;q_ve;m3/s;E;NZEB;SINGLE-FAMILY;8.33E-005
97;f_hc;-;E;NZEB;SINGLE-FAMILY;0.4
97;f_int;-;E;NZEB;SINGLE-FAMILY;0.4
97;f_sol;-;E;NZEB;SINGLE-FAMILY;0.1
97;F_sh;-;E;NZEB;SINGLE-FAMILY;1
97;F_w;-;E;NZEB;SINGLE-FAMILY;0.9
97;F_fr;-;E;NZEB;SINGLE-FAMILY;0.25
97;A_tot;m2;E;NZEB;SINGLE-FAMILY;390.15
97;ΣA_eli*h_ci,eli;W/K;E;NZEB;SINGLE-FAMILY;1062.45
97;V_tot;m3;E;NZEB;SINGLE-FAMILY;486
97;A_floor;m2;E;NZEB;SINGLE-FAMILY;162
97;H_ve;W/K;E;NZEB;SINGLE-FAMILY;49.054572
97;H_tb;W/K;E;NZEB;SINGLE-FAMILY;0
97;gn;-;E;NZEB;SINGLE-FAMILY;0.35
98;h_se;W/m2K;E;NZEB;DOUBLE-FAMILY;24.14
98;h_re;W/m2K;E;NZEB;DOUBLE-FAMILY;4.14
98;C_m,int;J/m2K;E;NZEB;DOUBLE-FAMILY;10000
98;C_vol,air;J/m3K;E;NZEB;DOUBLE-FAMILY;1211.224
98;q_ve;m3/s;E;NZEB;DOUBLE-FAMILY;8.33E-005
98;f_hc;-;E;NZEB;DOUBLE-FAMILY;0.4
98;f_int;-;E;NZEB;DOUBLE-FAMILY;0.4
98;f_sol;-;E;NZEB;DOUBLE-FAMILY;0.1
98;F_sh;-;E;NZEB;DOUBLE-FAMILY;1
98;F_w;-;E;NZEB;DOUBLE-FAMILY;0.9
98;F_fr;-;E;NZEB;DOUBLE-FAMILY;0.25
98;A_tot;m2;E;NZEB;DOUBLE-FAMILY;524.15
98;ΣA_eli*h_ci,eli;W/K;E;NZEB;DOUBLE-FAMILY;1440.45
98;V_tot;m3;E;NZEB;DOUBLE-FAMILY;726
98;A_floor;m2;E;NZEB;DOUBLE-FAMILY;242
98;H_ve;W/K;E;NZEB;DOUBLE-FAMILY;73.279052
98;H_tb;W/K;E;NZEB;DOUBLE-FAMILY;0
98;gn;-;E;NZEB;DOUBLE-FAMILY;0.35
99;h_se;W/m2K;E;NZEB;MULTI-FAMILY;24.14
99;h_re;W/m2K;E;NZEB;MULTI-FAMILY;4.14
99;C_m,int;J/m2K;E;NZEB;MULTI-FAMILY;10000
99;C_vol,air;J/m3K;E;NZEB;MULTI-FAMILY;1211.224
99;q_ve;m3/s;E;NZEB;MULTI-FAMILY;8.33E-005
99;f_hc;-;E;NZEB;MULTI-FAMILY;0.4
99;f_int;-;E;NZEB;MULTI-FAMILY;0.4
99;f_sol;-;E;NZEB;MULTI-FAMILY;0.1
99;F_sh;-;E;NZEB;MULTI-FAMILY;1
99;F_w;-;E;NZEB;MULTI-FAMILY;0.9
99;F_fr;-;E;NZEB;MULTI-FAMILY;0.25
99;A_tot;m2;E;NZEB;MULTI-FAMILY;968
99;ΣA_eli*h_ci,eli;W/K;E;NZEB;MULTI-FAMILY;2712
99;V_tot;m3;E;NZEB;MULTI-FAMILY;1920
99;A_floor;m2;E;NZEB;MULTI-FAMILY;640
99;H_ve;W/K;E;NZEB;MULTI-FAMILY;193.79584
99;H_tb;W/K;E;NZEB;MULTI-FAMILY;0
99;gn;-;E;NZEB;MULTI-FAMILY;0.35
100;h_se;W/m2K;E;NZEB;APARTMENT-BLOCK;24.14
100;h_re;W/m2K;E;NZEB;APARTMENT-BLOCK;4.14
100;C_m,int;J/m2K;E;NZEB;APARTMENT-BLOCK;10000
100;C_vol,air;J/m3K;E;NZEB;APARTMENT-BLOCK;1211.224
100;q_ve;m3/s;E;NZEB;APARTMENT-BLOCK;8.33E-005
100;f_hc;-;E;NZEB;APARTMENT-BLOCK;0.4
100;f_int;-;E;NZEB;APARTMENT-BLOCK;0.4
100;f_sol;-;E;NZEB;APARTMENT-BLOCK;0.1
100;F_sh;-;E;NZEB;APARTMENT-BLOCK;1
100;F_w;-;E;NZEB;APARTMENT-BLOCK;0.9
100;F_fr;-;E;NZEB;APARTMENT-BLOCK;0.25
100;A_tot;m2;E;NZEB;APARTMENT-BLOCK;1740
100;ΣA_eli*h_ci,eli;W/K;E;NZEB;APARTMENT-BLOCK;4968
100;V_tot;m3;E;NZEB;APARTMENT-BLOCK;4320
100;A_floor;m2;E;NZEB;APARTMENT-BLOCK;1440
100;H_ve;W/K;E;NZEB;APARTMENT-BLOCK;436.04064
100;H_tb;W/K;E;NZEB;APARTMENT-BLOCK;0
100;gn;-;E;NZEB;APARTMENT-BLOCK;0.35
101;h_se;W/m2K;F;<1975;SINGLE-FAMILY;24.14
101;h_re;W/m2K;F;<1975;SINGLE-FAMILY;4.14
101;C_m,int;J/m2K;F;<1975;SINGLE-FAMILY;10000
101;C_vol,air;J/m3K;F;<1975;SINGLE-FAMILY;1211.224
101;q_ve;m3/s;F;<1975;SINGLE-FAMILY;8.33E-005
101;f_hc;-;F;<1975;SINGLE-FAMILY;0.4
101;f_int;-;F;<1975;SINGLE-FAMILY;0.4
101;f_sol;-;F;<1975;SINGLE-FAMILY;0.1
101;F_sh;-;F;<1975;SINGLE-FAMILY;1
101;F_w;-;F;<1975;SINGLE-FAMILY;0.9
101;F_fr;-;F;<1975;SINGLE-FAMILY;0.25
101;A_tot;m2;F;<1975;SINGLE-FAMILY;390.15
101;ΣA_eli*h_ci,eli;W/K;F;<1975;SINGLE-FAMILY;1062.45
101;V_tot;m3;F;<1975;SINGLE-FAMILY;486
101;A_floor;m2;F;<1975;SINGLE-FAMILY;162
101;H_ve;W/K;F;<1975;SINGLE-FAMILY;49.054572
101;H_tb;W/K;F;<1975;SINGLE-FAMILY;170.9285714
101;gn;-;F;<1975;SINGLE-FAMILY;0.85
102;h_se;W/m2K;F;<1975;DOUBLE-FAMILY;24.14
102;h_re;W/m2K;F;<1975;DOUBLE-FAMILY;4.14
102;C_m,int;J/m2K;F;<1975;DOUBLE-FAMILY;10000
102;C_vol,air;J/m3K;F;<1975;DOUBLE-FAMILY;1211.224
102;q_ve;m3/s;F;<1975;DOUBLE-FAMILY;8.33E-005
102;f_hc;-;F;<1975;DOUBLE-FAMILY;0.4
102;f_int;-;F;<1975;DOUBLE-FAMILY;0.4
102;f_sol;-;F;<1975;DOUBLE-FAMILY;0.1
102;F_sh;-;F;<1975;DOUBLE-FAMILY;1
102;F_w;-;F;<1975;DOUBLE-FAMILY;0.9
102;F_fr;-;F;<1975;DOUBLE-FAMILY;0.25
102;A_tot;m2;F;<1975;DOUBLE-FAMILY;524.15
102;ΣA_eli*h_ci,eli;W/K;F;<1975;DOUBLE-FAMILY;1440.45
102;V_tot;m3;F;<1975;DOUBLE-FAMILY;726
102;A_floor;m2;F;<1975;DOUBLE-FAMILY;242
102;H_ve;W/K;F;<1975;DOUBLE-FAMILY;73.279052
102;H_tb;W/K;F;<1975;DOUBLE-FAMILY;207.9571429
102;gn;-;F;<1975;DOUBLE-FAMILY;0.85
103;h_se;W/m2K;F;<1975;MULTI-FAMILY;24.14
103;h_re;W/m2K;F;<1975;MULTI-FAMILY;4.14
103;C_m,int;J/m2K;F;<1975;MULTI-FAMILY;10000
103;C_vol,air;J/m3K;F;<1975;MULTI-FAMILY;1211.224
103;q_ve;m3/s;F;<1975;MULTI-FAMILY;8.33E-005
103;f_hc;-;F;<1975;MULTI-FAMILY;0.4
103;f_int;-;F;<1975;MULTI-FAMILY;0.4
103;f_sol;-;F;<1975;MULTI-FAMILY;0.1
103;F_sh;-;F;<1975;MULTI-FAMILY;1
103;F_w;-;F;<1975;MULTI-FAMILY;0.9
103;F_fr;-;F;<1975;MULTI-FAMILY;0.25
103;A_tot;m2;F;<1975;MULTI-FAMILY;968
103;ΣA_eli*h_ci,eli;W/K;F;<1975;MULTI-FAMILY;2712
103;V_tot;m3;F;<1975;MULTI-FAMILY;1920
103;A_floor;m2;F;<1975;MULTI-FAMILY;640
103;H_ve;W/K;F;<1975;MULTI-FAMILY;193.79584
103;H_tb;W/K;F;<1975;MULTI-FAMILY;428.2714286
103;gn;-;F;<1975;MULTI-FAMILY;0.85
104;h_se;W/m2K;F;<1975;APARTMENT-BLOCK;24.14
104;h_re;W/m2K;F;<1975;APARTMENT-BLOCK;4.14
104;C_m,int;J/m2K;F;<1975;APARTMENT-BLOCK;10000
104;C_vol,air;J/m3K;F;<1975;APARTMENT-BLOCK;1211.224
104;q_ve;m3/s;F;<1975;APARTMENT-BLOCK;8.33E-005
104;f_hc;-;F;<1975;APARTMENT-BLOCK;0.4
104;f_int;-;F;<1975;APARTMENT-BLOCK;0.4
104;f_sol;-;F;<1975;APARTMENT-BLOCK;0.1
104;F_sh;-;F;<1975;APARTMENT-BLOCK;1
104;F_w;-;F;<1975;APARTMENT-BLOCK;0.9
104;F_fr;-;F;<1975;APARTMENT-BLOCK;0.25
104;A_tot;m2;F;<1975;APARTMENT-BLOCK;1740
104;ΣA_eli*h_ci,eli;W/K;F;<1975;APARTMENT-BLOCK;4968
104;V_tot;m3;F;<1975;APARTMENT-BLOCK;4320
104;A_floor;m2;F;<1975;APARTMENT-BLOCK;1440
104;H_ve;W/K;F;<1975;APARTMENT-BLOCK;436.04064
104;H_tb;W/K;F;<1975;APARTMENT-BLOCK;795.3285714
104;gn;-;F;<1975;APARTMENT-BLOCK;0.85
105;h_se;W/m2K;F;1976-1990;SINGLE-FAMILY;24.14
105;h_re;W/m2K;F;1976-1990;SINGLE-FAMILY;4.14
105;C_m,int;J/m2K;F;1976-1990;SINGLE-FAMILY;10000
105;C_vol,air;J/m3K;F;1976-1990;SINGLE-FAMILY;1211.224
105;q_ve;m3/s;F;1976-1990;SINGLE-FAMILY;8.33E-005
105;f_hc;-;F;1976-1990;SINGLE-FAMILY;0.4
105;f_int;-;F;1976-1990;SINGLE-FAMILY;0.4
105;f_sol;-;F;1976-1990;SINGLE-FAMILY;0.1
105;F_sh;-;F;1976-1990;SINGLE-FAMILY;1
105;F_w;-;F;1976-1990;SINGLE-FAMILY;0.9
105;F_fr;-;F;1976-1990;SINGLE-FAMILY;0.25
105;A_tot;m2;F;1976-1990;SINGLE-FAMILY;390.15
105;ΣA_eli*h_ci,eli;W/K;F;1976-1990;SINGLE-FAMILY;1062.45
105;V_tot;m3;F;1976-1990;SINGLE-FAMILY;486
105;A_floor;m2;F;1976-1990;SINGLE-FAMILY;162
105;H_ve;W/K;F;1976-1990;SINGLE-FAMILY;49.054572
105;H_tb;W/K;F;1976-1990;SINGLE-FAMILY;89.61285714
105;gn;-;F;1976-1990;SINGLE-FAMILY;0.75
106;h_se;W/m2K;F;1976-1990;DOUBLE-FAMILY;24.14
106;h_re;W/m2K;F;1976-1990;DOUBLE-FAMILY;4.14
106;C_m,int;J/m2K;F;1976-1990;DOUBLE-FAMILY;10000
106;C_vol,air;J/m3K;F;1976-1990;DOUBLE-FAMILY;1211.224
106;q_ve;m3/s;F;1976-1990;DOUBLE-FAMILY;8.33E-005
106;f_hc;-;F;1976-1990;DOUBLE-FAMILY;0.4
106;f_int;-;F;1976-1990;DOUBLE-FAMILY;0.4
106;f_sol;-;F;1976-1990;DOUBLE-FAMILY;0.1
106;F_sh;-;F;1976-1990;DOUBLE-FAMILY;1
106;F_w;-;F;1976-1990;DOUBLE-FAMILY;0.9
106;F_fr;-;F;1976-1990;DOUBLE-FAMILY;0.25
106;A_tot;m2;F;1976-1990;DOUBLE-FAMILY;524.15
106;ΣA_eli*h_ci,eli;W/K;F;1976-1990;DOUBLE-FAMILY;1440.45
106;V_tot;m3;F;1976-1990;DOUBLE-FAMILY;726
106;A_floor;m2;F;1976-1990;DOUBLE-FAMILY;242
106;H_ve;W/K;F;1976-1990;DOUBLE-FAMILY;73.279052
106;H_tb;W/K;F;1976-1990;DOUBLE-FAMILY;102.1157143
106;gn;-;F;1976-1990;DOUBLE-FAMILY;0.75
107;h_se;W/m2K;F;1976-1990;MULTI-FAMILY;24.14
107;h_re;W/m2K;F;1976-1990;MULTI-FAMILY;4.14
107;C_m,int;J/m2K;F;1976-1990;MULTI-FAMILY;10000
107;C_vol,air;J/m3K;F;1976-1990;MULTI-FAMILY;1211.224
107;q_ve;m3/s;F;1976-1990;MULTI-FAMILY;8.33E-005
107;f_hc;-;F;1976-1990;MULTI-FAMILY;0.4
107;f_int;-;F;1976-1990;MULTI-FAMILY;0.4
107;f_sol;-;F;1976-1990;MULTI-FAMILY;0.1
107;F_sh;-;F;1976-1990;MULTI-FAMILY;1
107;F_w;-;F;1976-1990;MULTI-FAMILY;0.9
107;F_fr;-;F;1976-1990;MULTI-FAMILY;0.25
107;A_tot;m2;F;1976-1990;MULTI-FAMILY;968
107;ΣA_eli*h_ci,eli;W/K;F;1976-1990;MULTI-FAMILY;2712
107;V_tot;m3;F;1976-1990;MULTI-FAMILY;1920
107;A_floor;m2;F;1976-1990;MULTI-FAMILY;640
107;H_ve;W/K;F;1976-1990;MULTI-FAMILY;193.79584
107;H_tb;W/K;F;1976-1990;MULTI-FAMILY;259.3871429
107;gn;-;F;1976-1990;MULTI-FAMILY;0.75
108;h_se;W/m2K;F;1976-1990;APARTMENT-BLOCK;24.14
108;h_re;W/m2K;F;1976-1990;APARTMENT-BLOCK;4.14
108;C_m,int;J/m2K;F;1976-1990;APARTMENT-BLOCK;10000
108;C_vol,air;J/m3K;F;1976-1990;APARTMENT-BLOCK;1211.224
108;q_ve;m3/s;F;1976-1990;APARTMENT-BLOCK;8.33E-005
108;f_hc;-;F;1976-1990;APARTMENT-BLOCK;0.4
108;f_int;-;F;1976-1990;APARTMENT-BLOCK;0.4
108;f_sol;-;F;1976-1990;APARTMENT-BLOCK;0.1
108;F_sh;-;F;1976-1990;APARTMENT-BLOCK;1
108;F_w;-;F;1976-1990;APARTMENT-BLOCK;0.9
108;F_fr;-;F;1976-1990;APARTMENT-BLOCK;0.25
108;A_tot;m2;F;1976-1990;APARTMENT-BLOCK;1740
108;ΣA_eli*h_ci,eli;W/K;F;1976-1990;APARTMENT-BLOCK;4968
108;V_tot;m3;F;1976-1990;APARTMENT-BLOCK;4320
108;A_floor;m2;F;1976-1990;APARTMENT-BLOCK;1440
108;H_ve;W/K;F;1976-1990;APARTMENT-BLOCK;436.04064
108;H_tb;W/K;F;1976-1990;APARTMENT-BLOCK;443.9728571
108;gn;-;F;1976-1990;APARTMENT-BLOCK;0.75
109;h_se;W/m2K;F;1991-2005;SINGLE-FAMILY;24.14
109;h_re;W/m2K;F;1991-2005;SINGLE-FAMILY;4.14
109;C_m,int;J/m2K;F;1991-2005;SINGLE-FAMILY;10000
109;C_vol,air;J/m3K;F;1991-2005;SINGLE-FAMILY;1293.778571
109;q_ve;m3/s;F;1991-2005;SINGLE-FAMILY;8.33E-005
109;f_hc;-;F;1991-2005;SINGLE-FAMILY;0.4
109;f_int;-;F;1991-2005;SINGLE-FAMILY;0.4
109;f_sol;-;F;1991-2005;SINGLE-FAMILY;0.1
109;F_sh;-;F;1991-2005;SINGLE-FAMILY;1
109;F_w;-;F;1991-2005;SINGLE-FAMILY;0.9
109;F_fr;-;F;1991-2005;SINGLE-FAMILY;0.25
109;A_tot;m2;F;1991-2005;SINGLE-FAMILY;390.15
109;ΣA_eli*h_ci,eli;W/K;F;1991-2005;SINGLE-FAMILY;1062.45
109;V_tot;m3;F;1991-2005;SINGLE-FAMILY;486
109;A_floor;m2;F;1991-2005;SINGLE-FAMILY;162
109;H_ve;W/K;F;1991-2005;SINGLE-FAMILY;49.054572
109;H_tb;W/K;F;1991-2005;SINGLE-FAMILY;89.61285714
109;gn;-;F;1991-2005;SINGLE-FAMILY;0.75
110;h_se;W/m2K;F;1991-2005;DOUBLE-FAMILY;24.14
110;h_re;W/m2K;F;1991-2005;DOUBLE-FAMILY;4.14
110;C_m,int;J/m2K;F;1991-2005;DOUBLE-FAMILY;10000
110;C_vol,air;J/m3K;F;1991-2005;DOUBLE-FAMILY;1211.224
110;q_ve;m3/s;F;1991-2005;DOUBLE-FAMILY;8.33E-005
110;f_hc;-;F;1991-2005;DOUBLE-FAMILY;0.4
110;f_int;-;F;1991-2005;DOUBLE-FAMILY;0.4
110;f_sol;-;F;1991-2005;DOUBLE-FAMILY;0.1
110;F_sh;-;F;1991-2005;DOUBLE-FAMILY;1
110;F_w;-;F;1991-2005;DOUBLE-FAMILY;0.9
110;F_fr;-;F;1991-2005;DOUBLE-FAMILY;0.25
110;A_tot;m2;F;1991-2005;DOUBLE-FAMILY;524.15
110;ΣA_eli*h_ci,eli;W/K;F;1991-2005;DOUBLE-FAMILY;1440.45
110;V_tot;m3;F;1991-2005;DOUBLE-FAMILY;726
110;A_floor;m2;F;1991-2005;DOUBLE-FAMILY;242
110;H_ve;W/K;F;1991-2005;DOUBLE-FAMILY;73.279052
110;H_tb;W/K;F;1991-2005;DOUBLE-FAMILY;102.1157143
110;gn;-;F;1991-2005;DOUBLE-FAMILY;0.75
111;h_se;W/m2K;F;1991-2005;MULTI-FAMILY;24.14
111;h_re;W/m2K;F;1991-2005;MULTI-FAMILY;4.14
111;C_m,int;J/m2K;F;1991-2005;MULTI-FAMILY;10000
111;C_vol,air;J/m3K;F;1991-2005;MULTI-FAMILY;1211.224
111;q_ve;m3/s;F;1991-2005;MULTI-FAMILY;8.33E-005
111;f_hc;-;F;1991-2005;MULTI-FAMILY;0.4
111;f_int;-;F;1991-2005;MULTI-FAMILY;0.4
111;f_sol;-;F;1991-2005;MULTI-FAMILY;0.1
111;F_sh;-;F;1991-2005;MULTI-FAMILY;1
111;F_w;-;F;1991-2005;MULTI-FAMILY;0.9
111;F_fr;-;F;1991-2005;MULTI-FAMILY;0.25
111;A_tot;m2;F;1991-2005;MULTI-FAMILY;968
111;ΣA_eli*h_ci,eli;W/K;F;1991-2005;MULTI-FAMILY;2712
111;V_tot;m3;F;1991-2005;MULTI-FAMILY;1920
111;A_floor;m2;F;1991-2005;MULTI-FAMILY;640
111;H_ve;W/K;F;1991-2005;MULTI-FAMILY;193.79584
111;H_tb;W/K;F;1991-2005;MULTI-FAMILY;259.3871429
111;gn;-;F;1991-2005;MULTI-FAMILY;0.75
112;h_se;W/m2K;F;1991-2005;APARTMENT-BLOCK;24.14
112;h_re;W/m2K;F;1991-2005;APARTMENT-BLOCK;4.14
112;C_m,int;J/m2K;F;1991-2005;APARTMENT-BLOCK;10000
112;C_vol,air;J/m3K;F;1991-2005;APARTMENT-BLOCK;1211.224
112;q_ve;m3/s;F;1991-2005;APARTMENT-BLOCK;8.33E-005
112;f_hc;-;F;1991-2005;APARTMENT-BLOCK;0.4
112;f_int;-;F;1991-2005;APARTMENT-BLOCK;0.4
112;f_sol;-;F;1991-2005;APARTMENT-BLOCK;0.1
112;F_sh;-;F;1991-2005;APARTMENT-BLOCK;1
112;F_w;-;F;1991-2005;APARTMENT-BLOCK;0.9
112;F_fr;-;F;1991-2005;APARTMENT-BLOCK;0.25
112;A_tot;m2;F;1991-2005;APARTMENT-BLOCK;1740
112;ΣA_eli*h_ci,eli;W/K;F;1991-2005;APARTMENT-BLOCK;4968
112;V_tot;m3;F;1991-2005;APARTMENT-BLOCK;4320
112;A_floor;m2;F;1991-2005;APARTMENT-BLOCK;1440
112;H_ve;W/K;F;1991-2005;APARTMENT-BLOCK;436.04064
112;H_tb;W/K;F;1991-2005;APARTMENT-BLOCK;443.9728571
112;gn;-;F;1991-2005;APARTMENT-BLOCK;0.75
113;h_se;W/m2K;F;2006-2011;SINGLE-FAMILY;24.14
113;h_re;W/m2K;F;2006-2011;SINGLE-FAMILY;4.14
113;C_m,int;J/m2K;F;2006-2011;SINGLE-FAMILY;10000
113;C_vol,air;J/m3K;F;2006-2011;SINGLE-FAMILY;1211.224
113;q_ve;m3/s;F;2006-2011;SINGLE-FAMILY;8.33E-005
113;f_hc;-;F;2006-2011;SINGLE-FAMILY;0.4
113;f_int;-;F;2006-2011;SINGLE-FAMILY;0.4
113;f_sol;-;F;2006-2011;SINGLE-FAMILY;0.1
113;F_sh;-;F;2006-2011;SINGLE-FAMILY;1
113;F_w;-;F;2006-2011;SINGLE-FAMILY;0.9
113;F_fr;-;F;2006-2011;SINGLE-FAMILY;0.25
113;A_tot;m2;F;2006-2011;SINGLE-FAMILY;390.15
113;ΣA_eli*h_ci,eli;W/K;F;2006-2011;SINGLE-FAMILY;1062.45
113;V_tot;m3;F;2006-2011;SINGLE-FAMILY;486
113;A_floor;m2;F;2006-2011;SINGLE-FAMILY;162
113;H_ve;W/K;F;2006-2011;SINGLE-FAMILY;49.054572
113;H_tb;W/K;F;2006-2011;SINGLE-FAMILY;35.9164125
113;gn;-;F;2006-2011;SINGLE-FAMILY;0.67
114;h_se;W/m2K;F;2006-2011;DOUBLE-FAMILY;24.14
114;h_re;W/m2K;F;2006-2011;DOUBLE-FAMILY;4.14
114;C_m,int;J/m2K;F;2006-2011;DOUBLE-FAMILY;10000
114;C_vol,air;J/m3K;F;2006-2011;DOUBLE-FAMILY;1211.224
114;q_ve;m3/s;F;2006-2011;DOUBLE-FAMILY;8.33E-005
114;f_hc;-;F;2006-2011;DOUBLE-FAMILY;0.4
114;f_int;-;F;2006-2011;DOUBLE-FAMILY;0.4
114;f_sol;-;F;2006-2011;DOUBLE-FAMILY;0.1
114;F_sh;-;F;2006-2011;DOUBLE-FAMILY;1
114;F_w;-;F;2006-2011;DOUBLE-FAMILY;0.9
114;F_fr;-;F;2006-2011;DOUBLE-FAMILY;0.25
114;A_tot;m2;F;2006-2011;DOUBLE-FAMILY;524.15
114;ΣA_eli*h_ci,eli;W/K;F;2006-2011;DOUBLE-FAMILY;1440.45
114;V_tot;m3;F;2006-2011;DOUBLE-FAMILY;726
114;A_floor;m2;F;2006-2011;DOUBLE-FAMILY;242
114;H_ve;W/K;F;2006-2011;DOUBLE-FAMILY;73.279052
114;H_tb;W/K;F;2006-2011;DOUBLE-FAMILY;46.1773125
114;gn;-;F;2006-2011;DOUBLE-FAMILY;0.67
115;h_se;W/m2K;F;2006-2011;MULTI-FAMILY;24.14
115;h_re;W/m2K;F;2006-2011;MULTI-FAMILY;4.14
115;C_m,int;J/m2K;F;2006-2011;MULTI-FAMILY;10000
115;C_vol,air;J/m3K;F;2006-2011;MULTI-FAMILY;1211.224
115;q_ve;m3/s;F;2006-2011;MULTI-FAMILY;8.33E-005
115;f_hc;-;F;2006-2011;MULTI-FAMILY;0.4
115;f_int;-;F;2006-2011;MULTI-FAMILY;0.4
115;f_sol;-;F;2006-2011;MULTI-FAMILY;0.1
115;F_sh;-;F;2006-2011;MULTI-FAMILY;1
115;F_w;-;F;2006-2011;MULTI-FAMILY;0.9
115;F_fr;-;F;2006-2011;MULTI-FAMILY;0.25
115;A_tot;m2;F;2006-2011;MULTI-FAMILY;968
115;ΣA_eli*h_ci,eli;W/K;F;2006-2011;MULTI-FAMILY;2712
115;V_tot;m3;F;2006-2011;MULTI-FAMILY;1920
115;A_floor;m2;F;2006-2011;MULTI-FAMILY;640
115;H_ve;W/K;F;2006-2011;MULTI-FAMILY;193.79584
115;H_tb;W/K;F;2006-2011;MULTI-FAMILY;96.0912
115;gn;-;F;2006-2011;MULTI-FAMILY;0.67
116;h_se;W/m2K;F;2006-2011;APARTMENT-BLOCK;24.14
116;h_re;W/m2K;F;2006-2011;APARTMENT-BLOCK;4.14
116;C_m,int;J/m2K;F;2006-2011;APARTMENT-BLOCK;10000
116;C_vol,air;J/m3K;F;2006-2011;APARTMENT-BLOCK;1211.224
116;q_ve;m3/s;F;2006-2011;APARTMENT-BLOCK;8.33E-005
116;f_hc;-;F;2006-2011;APARTMENT-BLOCK;0.4
116;f_int;-;F;2006-2011;APARTMENT-BLOCK;0.4
116;f_sol;-;F;2006-2011;APARTMENT-BLOCK;0.1
116;F_sh;-;F;2006-2011;APARTMENT-BLOCK;1
116;F_w;-;F;2006-2011;APARTMENT-BLOCK;0.9
116;F_fr;-;F;2006-2011;APARTMENT-BLOCK;0.25
116;A_tot;m2;F;2006-2011;APARTMENT-BLOCK;1740
116;ΣA_eli*h_ci,eli;W/K;F;2006-2011;APARTMENT-BLOCK;4968
116;V_tot;m3;F;2006-2011;APARTMENT-BLOCK;4320
116;A_floor;m2;F;2006-2011;APARTMENT-BLOCK;1440
116;H_ve;W/K;F;2006-2011;APARTMENT-BLOCK;436.04064
116;H_tb;W/K;F;2006-2011;APARTMENT-BLOCK;180.8352
116;gn;-;F;2006-2011;APARTMENT-BLOCK;0.67
117;h_se;W/m2K;F;NZEB;SINGLE-FAMILY;24.14
117;h_re;W/m2K;F;NZEB;SINGLE-FAMILY;4.14
117;C_m,int;J/m2K;F;NZEB;SINGLE-FAMILY;10000
117;C_vol,air;J/m3K;F;NZEB;SINGLE-FAMILY;1211.224
117;q_ve;m3/s;F;NZEB;SINGLE-FAMILY;8.33E-005
117;f_hc;-;F;NZEB;SINGLE-FAMILY;0.4
117;f_int;-;F;NZEB;SINGLE-FAMILY;0.4
117;f_sol;-;F;NZEB;SINGLE-FAMILY;0.1
117;F_sh;-;F;NZEB;SINGLE-FAMILY;1
117;F_w;-;F;NZEB;SINGLE-FAMILY;0.9
117;F_fr;-;F;NZEB;SINGLE-FAMILY;0.25
117;A_tot;m2;F;NZEB;SINGLE-FAMILY;390.15
117;ΣA_eli*h_ci,eli;W/K;F;NZEB;SINGLE-FAMILY;1062.45
117;V_tot;m3;F;NZEB;SINGLE-FAMILY;486
117;A_floor;m2;F;NZEB;SINGLE-FAMILY;162
117;H_ve;W/K;F;NZEB;SINGLE-FAMILY;49.054572
117;H_tb;W/K;F;NZEB;SINGLE-FAMILY;0
117;gn;-;F;NZEB;SINGLE-FAMILY;0.35
118;h_se;W/m2K;F;NZEB;DOUBLE-FAMILY;24.14
118;h_re;W/m2K;F;NZEB;DOUBLE-FAMILY;4.14
118;C_m,int;J/m2K;F;NZEB;DOUBLE-FAMILY;10000
118;C_vol,air;J/m3K;F;NZEB;DOUBLE-FAMILY;1211.224
118;q_ve;m3/s;F;NZEB;DOUBLE-FAMILY;8.33E-005
118;f_hc;-;F;NZEB;DOUBLE-FAMILY;0.4
118;f_int;-;F;NZEB;DOUBLE-FAMILY;0.4
118;f_sol;-;F;NZEB;DOUBLE-FAMILY;0.1
118;F_sh;-;F;NZEB;DOUBLE-FAMILY;1
118;F_w;-;F;NZEB;DOUBLE-FAMILY;0.9
118;F_fr;-;F;NZEB;DOUBLE-FAMILY;0.25
118;A_tot;m2;F;NZEB;DOUBLE-FAMILY;524.15
118;ΣA_eli*h_ci,eli;W/K;F;NZEB;DOUBLE-FAMILY;1440.45
118;V_tot;m3;F;NZEB;DOUBLE-FAMILY;726
118;A_floor;m2;F;NZEB;DOUBLE-FAMILY;242
118;H_ve;W/K;F;NZEB;DOUBLE-FAMILY;73.279052
118;H_tb;W/K;F;NZEB;DOUBLE-FAMILY;0
118;gn;-;F;NZEB;DOUBLE-FAMILY;0.35
119;h_se;W/m2K;F;NZEB;MULTI-FAMILY;24.14
119;h_re;W/m2K;F;NZEB;MULTI-FAMILY;4.14
119;C_m,int;J/m2K;F;NZEB;MULTI-FAMILY;10000
119;C_vol,air;J/m3K;F;NZEB;MULTI-FAMILY;1211.224
119;q_ve;m3/s;F;NZEB;MULTI-FAMILY;8.33E-005
119;f_hc;-;F;NZEB;MULTI-FAMILY;0.4
119;f_int;-;F;NZEB;MULTI-FAMILY;0.4
119;f_sol;-;F;NZEB;MULTI-FAMILY;0.1
119;F_sh;-;F;NZEB;MULTI-FAMILY;1
119;F_w;-;F;NZEB;MULTI-FAMILY;0.9
119;F_fr;-;F;NZEB;MULTI-FAMILY;0.25
119;A_tot;m2;F;NZEB;MULTI-FAMILY;968
119;ΣA_eli*h_ci,eli;W/K;F;NZEB;MULTI-FAMILY;2712
119;V_tot;m3;F;NZEB;MULTI-FAMILY;1920
119;A_floor;m2;F;NZEB;MULTI-FAMILY;640
119;H_ve;W/K;F;NZEB;MULTI-FAMILY;193.79584
119;H_tb;W/K;F;NZEB;MULTI-FAMILY;0
119;gn;-;F;NZEB;MULTI-FAMILY;0.35
120;h_se;W/m2K;F;NZEB;APARTMENT-BLOCK;24.14
120;h_re;W/m2K;F;NZEB;APARTMENT-BLOCK;4.14
120;C_m,int;J/m2K;F;NZEB;APARTMENT-BLOCK;10000
120;C_vol,air;J/m3K;F;NZEB;APARTMENT-BLOCK;1211.224
120;q_ve;m3/s;F;NZEB;APARTMENT-BLOCK;8.33E-005
120;f_hc;-;F;NZEB;APARTMENT-BLOCK;0.4
120;f_int;-;F;NZEB;APARTMENT-BLOCK;0.4
120;f_sol;-;F;NZEB;APARTMENT-BLOCK;0.1
120;F_sh;-;F;NZEB;APARTMENT-BLOCK;1
120;F_w;-;F;NZEB;APARTMENT-BLOCK;0.9
120;F_fr;-;F;NZEB;APARTMENT-BLOCK;0.25
120;A_tot;m2;F;NZEB;APARTMENT-BLOCK;1740
120;ΣA_eli*h_ci,eli;W/K;F;NZEB;APARTMENT-BLOCK;4968
120;V_tot;m3;F;NZEB;APARTMENT-BLOCK;4320
120;A_floor;m2;F;NZEB;APARTMENT-BLOCK;1440
120;H_ve;W/K;F;NZEB;APARTMENT-BLOCK;436.04064
120;H_tb;W/K;F;NZEB;APARTMENT-BLOCK;0
120;gn;-;F;NZEB;APARTMENT-BLOCK;0.35
